isa_BP3D_4.0_obj_99/FJ1252.obj	120953	37779	0
isa_BP3D_4.0_obj_99/FJ1253.obj	117509	37129	37839
isa_BP3D_4.0_obj_99/FJ1254.obj	103775	32484	75028
isa_BP3D_4.0_obj_99/FJ1255.obj	69150	22147	107572
isa_BP3D_4.0_obj_99/FJ1256.obj	95723	30204	129779
isa_BP3D_4.0_obj_99/FJ1257.obj	65949	21226	160043
isa_BP3D_4.0_obj_99/FJ1258.obj	53967	17850	181329
isa_BP3D_4.0_obj_99/FJ1259.obj	56256	18437	199239
isa_BP3D_4.0_obj_99/FJ1260.obj	69212	22306	217736
isa_BP3D_4.0_obj_99/FJ1261.obj	128003	39308	240102
isa_BP3D_4.0_obj_99/FJ1262.obj	95273	29950	279470
isa_BP3D_4.0_obj_99/FJ1263.obj	110058	34319	309480
isa_BP3D_4.0_obj_99/FJ1264.obj	86905	27468	343859
isa_BP3D_4.0_obj_99/FJ1265.obj	75752	24767	371387
isa_BP3D_4.0_obj_99/FJ1266.obj	80970	26100	396214
isa_BP3D_4.0_obj_99/FJ1267.obj	81747	26160	422374
isa_BP3D_4.0_obj_99/FJ1268.obj	104807	32527	448594
isa_BP3D_4.0_obj_99/FJ1269.obj	69791	22226	481181
isa_BP3D_4.0_obj_99/FJ1270.obj	96262	30182	503467
isa_BP3D_4.0_obj_99/FJ1271.obj	66636	21230	533709
isa_BP3D_4.0_obj_99/FJ1272.obj	54356	17806	554999
isa_BP3D_4.0_obj_99/FJ1273.obj	56841	18544	572865
isa_BP3D_4.0_obj_99/FJ1274.obj	69629	22226	591469
isa_BP3D_4.0_obj_99/FJ1275.obj	111671	34609	613755
isa_BP3D_4.0_obj_99/FJ1276.obj	130145	39623	648424
isa_BP3D_4.0_obj_99/FJ1277.obj	95890	29949	688107
isa_BP3D_4.0_obj_99/FJ1278.obj	87622	27569	718116
isa_BP3D_4.0_obj_99/FJ1279.obj	76355	24715	745745
isa_BP3D_4.0_obj_99/FJ1280.obj	81012	25739	770520
isa_BP3D_4.0_obj_99/FJ1281.obj	82485	26183	796319
isa_BP3D_4.0_obj_99/FJ1282.obj	187506	54705	822562
isa_BP3D_4.0_obj_99/FJ1283.obj	18117	6096	877327
isa_BP3D_4.0_obj_99/FJ1284.obj	169036	50285	883483
isa_BP3D_4.0_obj_99/FJ1285.obj	1977705	541944	933828
isa_BP3D_4.0_obj_99/FJ1286.obj	453426	129905	1475832
isa_BP3D_4.0_obj_99/FJ1287.obj	1670032	468868	1605797
isa_BP3D_4.0_obj_99/FJ1288.obj	10334	3721	2074725
isa_BP3D_4.0_obj_99/FJ1289.obj	318620	91282	2078506
isa_BP3D_4.0_obj_99/FJ1290.obj	73828	23007	2169848
isa_BP3D_4.0_obj_99/FJ1291.obj	45393	14700	2192915
isa_BP3D_4.0_obj_99/FJ1292.obj	190344	56157	2207675
isa_BP3D_4.0_obj_99/FJ1293.obj	125313	38398	2263892
isa_BP3D_4.0_obj_99/FJ1294.obj	143313	43524	2302350
isa_BP3D_4.0_obj_99/FJ1295.obj	224110	66522	2345934
isa_BP3D_4.0_obj_99/FJ1296.obj	14975	5187	2412516
isa_BP3D_4.0_obj_99/FJ1297.obj	206456	60327	2417763
isa_BP3D_4.0_obj_99/FJ1298.obj	40224	12655	2478150
isa_BP3D_4.0_obj_99/FJ1299.obj	104824	32711	2490865
isa_BP3D_4.0_obj_99/FJ1300.obj	116796	35782	2523636
isa_BP3D_4.0_obj_99/FJ1301.obj	14155	4877	2559478
isa_BP3D_4.0_obj_99/FJ1302.obj	25913	8726	2564415
isa_BP3D_4.0_obj_99/FJ1304.obj	209042	62291	2573201
isa_BP3D_4.0_obj_99/FJ1305.obj	94398	29275	2635552
isa_BP3D_4.0_obj_99/FJ1306.obj	281893	82738	2664887
isa_BP3D_4.0_obj_99/FJ1308.obj	159703	48253	2747685
isa_BP3D_4.0_obj_99/FJ1309.obj	22064	7395	2795998
isa_BP3D_4.0_obj_99/FJ1310.obj	53889	17565	2803453
isa_BP3D_4.0_obj_99/FJ1311.obj	16034	5492	2821078
isa_BP3D_4.0_obj_99/FJ1312.obj	104567	31958	2826630
isa_BP3D_4.0_obj_99/FJ1313.obj	115439	36080	2858648
isa_BP3D_4.0_obj_99/FJ1315.obj	15033	5120	2894788
isa_BP3D_4.0_obj_99/FJ1316.obj	1533399	419148	2899968
isa_BP3D_4.0_obj_99/FJ1317.obj	2712740	732079	3319176
isa_BP3D_4.0_obj_99/FJ1318.obj	20141	6790	4051315
isa_BP3D_4.0_obj_99/FJ1319.obj	44470	14287	4058165
isa_BP3D_4.0_obj_99/FJ1320.obj	621152	181823	4072512
isa_BP3D_4.0_obj_99/FJ1321.obj	59316	18973	4254395
isa_BP3D_4.0_obj_99/FJ1322.obj	227279	67093	4273428
isa_BP3D_4.0_obj_99/FJ1323.obj	179094	54196	4340581
isa_BP3D_4.0_obj_99/FJ1324.obj	87602	27620	4394837
isa_BP3D_4.0_obj_99/FJ1325.obj	158055	47235	4422517
isa_BP3D_4.0_obj_99/FJ1326.obj	143634	43335	4469812
isa_BP3D_4.0_obj_99/FJ1328.obj	61036	19538	4513207
isa_BP3D_4.0_obj_99/FJ1329.obj	25544	8491	4532805
isa_BP3D_4.0_obj_99/FJ1330.obj	167022	50048	4541356
isa_BP3D_4.0_obj_99/FJ1331.obj	344829	98725	4591464
isa_BP3D_4.0_obj_99/FJ1332.obj	185605	54053	4690249
isa_BP3D_4.0_obj_99/FJ1333.obj	15735	5301	4744362
isa_BP3D_4.0_obj_99/FJ1334.obj	174097	51467	4749723
isa_BP3D_4.0_obj_99/FJ1335.obj	195978	57545	4801250
isa_BP3D_4.0_obj_99/FJ1336.obj	460581	131490	4858855
isa_BP3D_4.0_obj_99/FJ1337.obj	2012585	549872	4990405
isa_BP3D_4.0_obj_99/FJ1338.obj	2050534	566864	5540337
isa_BP3D_4.0_obj_99/FJ1339.obj	14148	4881	6107261
isa_BP3D_4.0_obj_99/FJ1340.obj	337119	94885	6112202
isa_BP3D_4.0_obj_99/FJ1341.obj	74457	23017	6207147
isa_BP3D_4.0_obj_99/FJ1342.obj	46592	15033	6230224
isa_BP3D_4.0_obj_99/FJ1343.obj	194125	58001	6245317
isa_BP3D_4.0_obj_99/FJ1344.obj	117443	35910	6303378
isa_BP3D_4.0_obj_99/FJ1345.obj	145259	43843	6339348
isa_BP3D_4.0_obj_99/FJ1346.obj	224609	66197	6383251
isa_BP3D_4.0_obj_99/FJ1347.obj	16892	5739	6449508
isa_BP3D_4.0_obj_99/FJ1348.obj	208148	60561	6455307
isa_BP3D_4.0_obj_99/FJ1349.obj	35187	11157	6515928
isa_BP3D_4.0_obj_99/FJ1350.obj	108201	33229	6527145
isa_BP3D_4.0_obj_99/FJ1351.obj	119848	36635	6560434
isa_BP3D_4.0_obj_99/FJ1352.obj	14253	4898	6597129
isa_BP3D_4.0_obj_99/FJ1353.obj	26124	8732	6602087
isa_BP3D_4.0_obj_99/FJ1355.obj	206490	61051	6610879
isa_BP3D_4.0_obj_99/FJ1356.obj	94704	29132	6671990
isa_BP3D_4.0_obj_99/FJ1357.obj	290489	84782	6701182
isa_BP3D_4.0_obj_99/FJ1359.obj	159884	48062	6786024
isa_BP3D_4.0_obj_99/FJ1360.obj	22430	7502	6834146
isa_BP3D_4.0_obj_99/FJ1361.obj	53214	17219	6841708
isa_BP3D_4.0_obj_99/FJ1362.obj	17565	5912	6858987
isa_BP3D_4.0_obj_99/FJ1363.obj	105301	32049	6864959
isa_BP3D_4.0_obj_99/FJ1364.obj	117132	36273	6897068
isa_BP3D_4.0_obj_99/FJ1366.obj	13962	4703	6933401
isa_BP3D_4.0_obj_99/FJ1367.obj	1545768	421844	6938164
isa_BP3D_4.0_obj_99/FJ1368.obj	2746869	739100	7360068
isa_BP3D_4.0_obj_99/FJ1369.obj	21999	7324	8099228
isa_BP3D_4.0_obj_99/FJ1370.obj	46865	14936	8106612
isa_BP3D_4.0_obj_99/FJ1371.obj	690368	197998	8121608
isa_BP3D_4.0_obj_99/FJ1372.obj	60266	19033	8319666
isa_BP3D_4.0_obj_99/FJ1373.obj	226350	67452	8338759
isa_BP3D_4.0_obj_99/FJ1374.obj	180066	53948	8406271
isa_BP3D_4.0_obj_99/FJ1375.obj	87787	27357	8460279
isa_BP3D_4.0_obj_99/FJ1376.obj	159992	47449	8487696
isa_BP3D_4.0_obj_99/FJ1377.obj	144957	43529	8535205
isa_BP3D_4.0_obj_99/FJ1379.obj	61165	19372	8578794
isa_BP3D_4.0_obj_99/FJ1380.obj	24797	8207	8598226
isa_BP3D_4.0_obj_99/FJ1381.obj	169927	50706	8606493
isa_BP3D_4.0_obj_99/FJ1382.obj	347743	99515	8657259
isa_BP3D_4.0_obj_99/FJ1383.obj	69503	20039	8756834
isa_BP3D_4.0_obj_99/FJ1383M.obj	68454	20050	8776933
isa_BP3D_4.0_obj_99/FJ1384.obj	53768	17432	8797044
isa_BP3D_4.0_obj_99/FJ1384M.obj	53026	17323	8814536
isa_BP3D_4.0_obj_99/FJ1385.obj	23781	7702	8831920
isa_BP3D_4.0_obj_99/FJ1385M.obj	23468	7692	8839682
isa_BP3D_4.0_obj_99/FJ1386.obj	50098	16078	8847435
isa_BP3D_4.0_obj_99/FJ1386M.obj	49624	16078	8863573
isa_BP3D_4.0_obj_99/FJ1387.obj	41535	12072	8879712
isa_BP3D_4.0_obj_99/FJ1387M.obj	41173	12093	8891844
isa_BP3D_4.0_obj_99/FJ1388.obj	77768	22969	8903998
isa_BP3D_4.0_obj_99/FJ1388M.obj	76646	22930	8927027
isa_BP3D_4.0_obj_99/FJ1389.obj	34476	10378	8950018
isa_BP3D_4.0_obj_99/FJ1389M.obj	34068	10341	8960456
isa_BP3D_4.0_obj_99/FJ1390.obj	129388	36781	8970858
isa_BP3D_4.0_obj_99/FJ1390M.obj	128161	36733	9007699
isa_BP3D_4.0_obj_99/FJ1391.obj	72945	21929	9044493
isa_BP3D_4.0_obj_99/FJ1391M.obj	71983	21868	9066482
isa_BP3D_4.0_obj_99/FJ1392.obj	440866	139886	9088411
isa_BP3D_4.0_obj_99/FJ1392M.obj	436141	139494	9228357
isa_BP3D_4.0_obj_99/FJ1393.obj	188933	54167	9367912
isa_BP3D_4.0_obj_99/FJ1393M.obj	186587	53634	9422139
isa_BP3D_4.0_obj_99/FJ1394.obj	201640	64734	9475834
isa_BP3D_4.0_obj_99/FJ1394M.obj	200155	64588	9540628
isa_BP3D_4.0_obj_99/FJ1395.obj	341489	106056	9605277
isa_BP3D_4.0_obj_99/FJ1395M.obj	338042	105379	9711393
isa_BP3D_4.0_obj_99/FJ1396.obj	102539	29589	9816833
isa_BP3D_4.0_obj_99/FJ1396M.obj	101150	29604	9846482
isa_BP3D_4.0_obj_99/FJ1397.obj	260975	82065	9876147
isa_BP3D_4.0_obj_99/FJ1397M.obj	258641	81765	9958272
isa_BP3D_4.0_obj_99/FJ1398.obj	102344	30460	10040098
isa_BP3D_4.0_obj_99/FJ1398M.obj	101039	30385	10070618
isa_BP3D_4.0_obj_99/FJ1399.obj	22037	6619	10101064
isa_BP3D_4.0_obj_99/FJ1399M.obj	21783	6635	10107743
isa_BP3D_4.0_obj_99/FJ1400.obj	90303	28078	10114439
isa_BP3D_4.0_obj_99/FJ1400M.obj	89074	27986	10142577
isa_BP3D_4.0_obj_99/FJ1401.obj	109236	34661	10170624
isa_BP3D_4.0_obj_99/FJ1401M.obj	107666	34516	10205345
isa_BP3D_4.0_obj_99/FJ1402.obj	174040	55741	10239922
isa_BP3D_4.0_obj_99/FJ1402M.obj	172318	55344	10295723
isa_BP3D_4.0_obj_99/FJ1403.obj	478061	149006	10351128
isa_BP3D_4.0_obj_99/FJ1403M.obj	471924	148244	10500194
isa_BP3D_4.0_obj_99/FJ1404.obj	155895	47950	10648499
isa_BP3D_4.0_obj_99/FJ1404M.obj	153342	47791	10696509
isa_BP3D_4.0_obj_99/FJ1405.obj	349900	110499	10744361
isa_BP3D_4.0_obj_99/FJ1405M.obj	345730	110131	10854920
isa_BP3D_4.0_obj_99/FJ1406.obj	390176	121237	10965112
isa_BP3D_4.0_obj_99/FJ1406M.obj	386321	120888	11086409
isa_BP3D_4.0_obj_99/FJ1407.obj	113557	33821	11207358
isa_BP3D_4.0_obj_99/FJ1407M.obj	112408	33847	11241239
isa_BP3D_4.0_obj_99/FJ1408.obj	133596	41441	11275147
isa_BP3D_4.0_obj_99/FJ1408M.obj	132515	41460	11316648
isa_BP3D_4.0_obj_99/FJ1409.obj	151020	45348	11358169
isa_BP3D_4.0_obj_99/FJ1409M.obj	149364	45229	11403577
isa_BP3D_4.0_obj_99/FJ1410.obj	304555	94951	11448867
isa_BP3D_4.0_obj_99/FJ1410M.obj	301944	94387	11543878
isa_BP3D_4.0_obj_99/FJ1411.obj	132819	39135	11638326
isa_BP3D_4.0_obj_99/FJ1411M.obj	131318	39100	11677521
isa_BP3D_4.0_obj_99/FJ1412.obj	67952	21701	11716682
isa_BP3D_4.0_obj_99/FJ1412M.obj	67233	21682	11738443
isa_BP3D_4.0_obj_99/FJ1413.obj	227620	72660	11760186
isa_BP3D_4.0_obj_99/FJ1413M.obj	225781	72629	11832906
isa_BP3D_4.0_obj_99/FJ1414.obj	316264	99935	11905596
isa_BP3D_4.0_obj_99/FJ1414M.obj	312760	99340	12005591
isa_BP3D_4.0_obj_99/FJ1415.obj	198872	63417	12104992
isa_BP3D_4.0_obj_99/FJ1415M.obj	196608	63259	12168469
isa_BP3D_4.0_obj_99/FJ1416.obj	48712	15903	12231789
isa_BP3D_4.0_obj_99/FJ1416M.obj	48307	15866	12247752
isa_BP3D_4.0_obj_99/FJ1417.obj	42970	12454	12263679
isa_BP3D_4.0_obj_99/FJ1417M.obj	42601	12513	12276193
isa_BP3D_4.0_obj_99/FJ1418.obj	197385	60647	12288767
isa_BP3D_4.0_obj_99/FJ1418M.obj	195419	60553	12349474
isa_BP3D_4.0_obj_99/FJ1419.obj	246651	76923	12410088
isa_BP3D_4.0_obj_99/FJ1419M.obj	244392	76537	12487071
isa_BP3D_4.0_obj_99/FJ1420.obj	321500	97776	12563669
isa_BP3D_4.0_obj_99/FJ1420M.obj	318764	97332	12661505
isa_BP3D_4.0_obj_99/FJ1421.obj	227763	71835	12758898
isa_BP3D_4.0_obj_99/FJ1421M.obj	225310	71616	12830793
isa_BP3D_4.0_obj_99/FJ1422.obj	238318	74437	12902470
isa_BP3D_4.0_obj_99/FJ1422M.obj	236600	74176	12976967
isa_BP3D_4.0_obj_99/FJ1423.obj	1165444	348049	13051204
isa_BP3D_4.0_obj_99/FJ1423M.obj	1157824	347100	13399313
isa_BP3D_4.0_obj_99/FJ1424.obj	236419	72748	13746474
isa_BP3D_4.0_obj_99/FJ1424M.obj	234440	72529	13819282
isa_BP3D_4.0_obj_99/FJ1425.obj	65272	20708	13891872
isa_BP3D_4.0_obj_99/FJ1425M.obj	64765	20770	13912640
isa_BP3D_4.0_obj_99/FJ1426.obj	189554	59090	13933471
isa_BP3D_4.0_obj_99/FJ1426M.obj	187902	58892	13992621
isa_BP3D_4.0_obj_99/FJ1427.obj	97969	31651	14051574
isa_BP3D_4.0_obj_99/FJ1427M.obj	97171	31585	14083285
isa_BP3D_4.0_obj_99/FJ1428.obj	79475	25975	14114931
isa_BP3D_4.0_obj_99/FJ1428M.obj	78577	25898	14140966
isa_BP3D_4.0_obj_99/FJ1429.obj	166143	54109	14166925
isa_BP3D_4.0_obj_99/FJ1429M.obj	164531	53957	14221094
isa_BP3D_4.0_obj_99/FJ1430.obj	60206	20313	14275112
isa_BP3D_4.0_obj_99/FJ1430M.obj	59674	20273	14295485
isa_BP3D_4.0_obj_99/FJ1431.obj	379043	120493	14315819
isa_BP3D_4.0_obj_99/FJ1431M.obj	376391	119723	14436372
isa_BP3D_4.0_obj_99/FJ1432.obj	96117	29740	14556156
isa_BP3D_4.0_obj_99/FJ1432M.obj	94874	29725	14585956
isa_BP3D_4.0_obj_99/FJ1433.obj	389745	119300	14615742
isa_BP3D_4.0_obj_99/FJ1433M.obj	386385	118833	14735102
isa_BP3D_4.0_obj_99/FJ1434.obj	270306	82485	14853996
isa_BP3D_4.0_obj_99/FJ1434M.obj	267711	82253	14936541
isa_BP3D_4.0_obj_99/FJ1435.obj	307942	97243	15018855
isa_BP3D_4.0_obj_99/FJ1435M.obj	305370	96862	15116158
isa_BP3D_4.0_obj_99/FJ1436.obj	195220	62124	15213081
isa_BP3D_4.0_obj_99/FJ1436M.obj	192790	61764	15275265
isa_BP3D_4.0_obj_99/FJ1437.obj	307036	96287	15337090
isa_BP3D_4.0_obj_99/FJ1437M.obj	303662	95773	15433437
isa_BP3D_4.0_obj_99/FJ1438.obj	102407	31567	15529271
isa_BP3D_4.0_obj_99/FJ1438M.obj	101378	31629	15560898
isa_BP3D_4.0_obj_99/FJ1439.obj	213354	66133	15592588
isa_BP3D_4.0_obj_99/FJ1439M.obj	211659	65835	15658781
isa_BP3D_4.0_obj_99/FJ1440.obj	476926	146969	15724677
isa_BP3D_4.0_obj_99/FJ1440M.obj	471162	146427	15871706
isa_BP3D_4.0_obj_99/FJ1441.obj	305079	94526	16018194
isa_BP3D_4.0_obj_99/FJ1441M.obj	302163	94047	16112780
isa_BP3D_4.0_obj_99/FJ1442.obj	464679	141490	16206888
isa_BP3D_4.0_obj_99/FJ1442M.obj	460942	140973	16348438
isa_BP3D_4.0_obj_99/FJ1443.obj	317804	99618	16489472
isa_BP3D_4.0_obj_99/FJ1443M.obj	315070	98951	16589150
isa_BP3D_4.0_obj_99/FJ1444.obj	124350	39570	16688162
isa_BP3D_4.0_obj_99/FJ1444M.obj	123463	39597	16727792
isa_BP3D_4.0_obj_99/FJ1445.obj	92285	25912	16767450
isa_BP3D_4.0_obj_99/FJ1445M.obj	90875	25885	16793422
isa_BP3D_4.0_obj_99/FJ1446.obj	105002	33294	16819368
isa_BP3D_4.0_obj_99/FJ1446M.obj	103977	33229	16852722
isa_BP3D_4.0_obj_99/FJ1447.obj	141480	43200	16886012
isa_BP3D_4.0_obj_99/FJ1447M.obj	140158	43151	16929272
isa_BP3D_4.0_obj_99/FJ1448.obj	124794	40497	16972484
isa_BP3D_4.0_obj_99/FJ1449M.obj	159532	49070	17013041
isa_BP3D_4.0_obj_99/FJ1450.obj	25260	8819	17062172
isa_BP3D_4.0_obj_99/FJ1450M.obj	25107	8864	17071051
isa_BP3D_4.0_obj_99/FJ1451.obj	9118989	2578978	17079976
isa_BP3D_4.0_obj_99/FJ1451M.obj	9040548	2576114	19659014
isa_BP3D_4.0_obj_99/FJ1452.obj	8308376	2379532	22235189
isa_BP3D_4.0_obj_99/FJ1452M.obj	8250599	2373946	24614781
isa_BP3D_4.0_obj_99/FJ1453M.obj	321290	98693	26988788
isa_BP3D_4.0_obj_99/FJ1454.obj	7720469	2213395	27087542
isa_BP3D_4.0_obj_99/FJ1454M.obj	7642908	2207534	29300997
isa_BP3D_4.0_obj_99/FJ1455.obj	7706472	2242785	31508592
isa_BP3D_4.0_obj_99/FJ1455M.obj	7632850	2237818	33751437
isa_BP3D_4.0_obj_99/FJ1456.obj	719480	210425	35989316
isa_BP3D_4.0_obj_99/FJ1456M.obj	712349	209938	36199801
isa_BP3D_4.0_obj_99/FJ1457M.obj	348032	106969	36409800
isa_BP3D_4.0_obj_99/FJ1458M.obj	342998	100332	36516830
isa_BP3D_4.0_obj_99/FJ1459.obj	3600341	1028319	36617223
isa_BP3D_4.0_obj_99/FJ1459M.obj	3571896	1026286	37645602
isa_BP3D_4.0_obj_99/FJ1460.obj	117571	36045	38671949
isa_BP3D_4.0_obj_99/FJ1460M.obj	116823	36081	38708054
isa_BP3D_4.0_obj_99/FJ1461.obj	421855	122878	38744196
isa_BP3D_4.0_obj_99/FJ1461M.obj	417104	122663	38867134
isa_BP3D_4.0_obj_99/FJ1462.obj	554594	164997	38989858
isa_BP3D_4.0_obj_99/FJ1462M.obj	546844	164408	39154915
isa_BP3D_4.0_obj_99/FJ1463.obj	916816	278425	39319384
isa_BP3D_4.0_obj_99/FJ1463M.obj	908762	277929	39597869
isa_BP3D_4.0_obj_99/FJ1464.obj	556794	167876	39875859
isa_BP3D_4.0_obj_99/FJ1464M.obj	551361	167356	40043795
isa_BP3D_4.0_obj_99/FJ1465.obj	47990	16060	40211212
isa_BP3D_4.0_obj_99/FJ1465M.obj	47560	16082	40227332
isa_BP3D_4.0_obj_99/FJ1466.obj	52161	15094	40243475
isa_BP3D_4.0_obj_99/FJ1466M.obj	51150	14952	40258629
isa_BP3D_4.0_obj_99/FJ1467.obj	92591	29687	40273642
isa_BP3D_4.0_obj_99/FJ1467M.obj	91869	29713	40303389
isa_BP3D_4.0_obj_99/FJ1468.obj	223657	63249	40333163
isa_BP3D_4.0_obj_99/FJ1468M.obj	222006	62987	40396472
isa_BP3D_4.0_obj_99/FJ1469.obj	64473	19601	40459520
isa_BP3D_4.0_obj_99/FJ1469M.obj	63714	19601	40479181
isa_BP3D_4.0_obj_99/FJ1470.obj	28038	8837	40498843
isa_BP3D_4.0_obj_99/FJ1470M.obj	27733	8832	40507740
isa_BP3D_4.0_obj_99/FJ1471.obj	153803	45880	40516633
isa_BP3D_4.0_obj_99/FJ1471M.obj	151793	45749	40562573
isa_BP3D_4.0_obj_99/FJ1472.obj	248132	70784	40608383
isa_BP3D_4.0_obj_99/FJ1472M.obj	245801	70362	40679227
isa_BP3D_4.0_obj_99/FJ1473.obj	196103	60878	40749650
isa_BP3D_4.0_obj_99/FJ1473M.obj	194033	60588	40810588
isa_BP3D_4.0_obj_99/FJ1474.obj	151318	44881	40871237
isa_BP3D_4.0_obj_99/FJ1474M.obj	150642	45033	40916178
isa_BP3D_4.0_obj_99/FJ1475.obj	664548	203475	40961272
isa_BP3D_4.0_obj_99/FJ1475M.obj	657945	202715	41164807
isa_BP3D_4.0_obj_99/FJ1476.obj	147476	42338	41367583
isa_BP3D_4.0_obj_99/FJ1476M.obj	145730	42197	41409981
isa_BP3D_4.0_obj_99/FJ1477.obj	182250	57448	41452239
isa_BP3D_4.0_obj_99/FJ1477M.obj	180451	57017	41509747
isa_BP3D_4.0_obj_99/FJ1478.obj	105386	33239	41566825
isa_BP3D_4.0_obj_99/FJ1478M.obj	103260	32958	41600124
isa_BP3D_4.0_obj_99/FJ1479.obj	113287	35496	41633143
isa_BP3D_4.0_obj_99/FJ1479M.obj	112468	35502	41668699
isa_BP3D_4.0_obj_99/FJ1480.obj	61608	19947	41704262
isa_BP3D_4.0_obj_99/FJ1480M.obj	60584	19877	41724269
isa_BP3D_4.0_obj_99/FJ1481.obj	63101	18751	41744207
isa_BP3D_4.0_obj_99/FJ1481M.obj	62352	18741	41763018
isa_BP3D_4.0_obj_99/FJ1482.obj	51290	14797	41781820
isa_BP3D_4.0_obj_99/FJ1482M.obj	50465	14724	41796677
isa_BP3D_4.0_obj_99/FJ1483.obj	64157	19675	41811462
isa_BP3D_4.0_obj_99/FJ1483M.obj	63468	19715	41831197
isa_BP3D_4.0_obj_99/FJ1484.obj	143120	44008	41850973
isa_BP3D_4.0_obj_99/FJ1484M.obj	141889	44001	41895041
isa_BP3D_4.0_obj_99/FJ1485.obj	104059	32014	41939103
isa_BP3D_4.0_obj_99/FJ1485M.obj	102969	32018	41971177
isa_BP3D_4.0_obj_99/FJ1486.obj	127901	39956	42003256
isa_BP3D_4.0_obj_99/FJ1486M.obj	126069	39768	42043272
isa_BP3D_4.0_obj_99/FJ1487.obj	359055	111819	42083101
isa_BP3D_4.0_obj_99/FJ1487M.obj	356074	111333	42194980
isa_BP3D_4.0_obj_99/FJ1488.obj	39761	12325	42306374
isa_BP3D_4.0_obj_99/FJ1488M.obj	39186	12259	42318759
isa_BP3D_4.0_obj_99/FJ1489.obj	158039	48973	42331079
isa_BP3D_4.0_obj_99/FJ1489M.obj	156376	48863	42380112
isa_BP3D_4.0_obj_99/FJ1490.obj	179061	56132	42429036
isa_BP3D_4.0_obj_99/FJ1490M.obj	177891	55960	42485228
isa_BP3D_4.0_obj_99/FJ1491.obj	102700	32795	42541249
isa_BP3D_4.0_obj_99/FJ1491M.obj	102082	32815	42574104
isa_BP3D_4.0_obj_99/FJ1492.obj	342296	107402	42606980
isa_BP3D_4.0_obj_99/FJ1492M.obj	338663	105564	42714442
isa_BP3D_4.0_obj_99/FJ1493.obj	62068	19434	42820067
isa_BP3D_4.0_obj_99/FJ1493M.obj	61518	19470	42839561
isa_BP3D_4.0_obj_99/FJ1494.obj	79961	24979	42859092
isa_BP3D_4.0_obj_99/FJ1494M.obj	79160	24957	42884131
isa_BP3D_4.0_obj_99/FJ1495.obj	110183	33664	42909149
isa_BP3D_4.0_obj_99/FJ1495M.obj	109022	33682	42942873
isa_BP3D_4.0_obj_99/FJ1496.obj	82751	26535	42976616
isa_BP3D_4.0_obj_99/FJ1496M.obj	82024	26572	43003211
isa_BP3D_4.0_obj_99/FJ1497.obj	392489	124098	43029844
isa_BP3D_4.0_obj_99/FJ1497M.obj	387918	123587	43154002
isa_BP3D_4.0_obj_99/FJ1498.obj	151641	42312	43277650
isa_BP3D_4.0_obj_99/FJ1498M.obj	149795	42026	43320022
isa_BP3D_4.0_obj_99/FJ1499.obj	63323	20890	43362109
isa_BP3D_4.0_obj_99/FJ1499M.obj	62744	20804	43383059
isa_BP3D_4.0_obj_99/FJ1500.obj	69844	22037	43403924
isa_BP3D_4.0_obj_99/FJ1500M.obj	69046	22001	43426021
isa_BP3D_4.0_obj_99/FJ1501.obj	88703	25426	43448083
isa_BP3D_4.0_obj_99/FJ1501M.obj	87812	25440	43473569
isa_BP3D_4.0_obj_99/FJ1502.obj	435055	132448	43499070
isa_BP3D_4.0_obj_99/FJ1502M.obj	430061	132115	43631578
isa_BP3D_4.0_obj_99/FJ1503.obj	192602	52018	43763754
isa_BP3D_4.0_obj_99/FJ1503M.obj	190457	51947	43815832
isa_BP3D_4.0_obj_99/FJ1504.obj	231733	64797	43867840
isa_BP3D_4.0_obj_99/FJ1504M.obj	228104	64394	43932697
isa_BP3D_4.0_obj_99/FJ1505.obj	241649	73685	43997152
isa_BP3D_4.0_obj_99/FJ1505M.obj	240547	73602	44070897
isa_BP3D_4.0_obj_99/FJ1506.obj	76172	23086	44144560
isa_BP3D_4.0_obj_99/FJ1506M.obj	75068	22989	44167706
isa_BP3D_4.0_obj_99/FJ1507.obj	93150	27904	44190756
isa_BP3D_4.0_obj_99/FJ1507M.obj	92508	28108	44218720
isa_BP3D_4.0_obj_99/FJ1508.obj	38012	12584	44246889
isa_BP3D_4.0_obj_99/FJ1508M.obj	37682	12595	44259533
isa_BP3D_4.0_obj_99/FJ1509.obj	311611	88537	44272189
isa_BP3D_4.0_obj_99/FJ1509M.obj	305788	86971	44360786
isa_BP3D_4.0_obj_99/FJ1510.obj	265573	80420	44447818
isa_BP3D_4.0_obj_99/FJ1510M.obj	263420	80275	44528298
isa_BP3D_4.0_obj_99/FJ1511.obj	103294	29003	44608634
isa_BP3D_4.0_obj_99/FJ1511M.obj	102419	29018	44637697
isa_BP3D_4.0_obj_99/FJ1512.obj	161507	47460	44666776
isa_BP3D_4.0_obj_99/FJ1512M.obj	159783	47378	44714296
isa_BP3D_4.0_obj_99/FJ1513.obj	157136	46756	44761735
isa_BP3D_4.0_obj_99/FJ1513M.obj	156732	46871	44808551
isa_BP3D_4.0_obj_99/FJ1514.obj	77954	21667	44855483
isa_BP3D_4.0_obj_99/FJ1514M.obj	77027	21719	44877210
isa_BP3D_4.0_obj_99/FJ1515.obj	60440	18731	44898990
isa_BP3D_4.0_obj_99/FJ1515M.obj	59872	18735	44917781
isa_BP3D_4.0_obj_99/FJ1516.obj	77585	24647	44936577
isa_BP3D_4.0_obj_99/FJ1516M.obj	76834	24657	44961284
isa_BP3D_4.0_obj_99/FJ1517.obj	102287	30988	44986002
isa_BP3D_4.0_obj_99/FJ1517M.obj	101397	31076	45017050
isa_BP3D_4.0_obj_99/FJ1518.obj	149622	42181	45048187
isa_BP3D_4.0_obj_99/FJ1518M.obj	148069	42167	45090428
isa_BP3D_4.0_obj_99/FJ1520.obj	812371	254264	45132656
isa_BP3D_4.0_obj_99/FJ1520M.obj	807078	253487	45386980
isa_BP3D_4.0_obj_99/FJ1521.obj	537515	165497	45640528
isa_BP3D_4.0_obj_99/FJ1521M.obj	532693	164992	45806085
isa_BP3D_4.0_obj_99/FJ1522.obj	468269	138813	45971138
isa_BP3D_4.0_obj_99/FJ1522M.obj	462787	138715	46110011
isa_BP3D_4.0_obj_99/FJ1524.obj	388160	116362	46248787
isa_BP3D_4.0_obj_99/FJ1524M.obj	382604	115586	46365209
isa_BP3D_4.0_obj_99/FJ1525.obj	1041654	317974	46480856
isa_BP3D_4.0_obj_99/FJ1525M.obj	1031392	317106	46798890
isa_BP3D_4.0_obj_99/FJ1526.obj	237546	74200	47116057
isa_BP3D_4.0_obj_99/FJ1526M.obj	235971	74085	47190317
isa_BP3D_4.0_obj_99/FJ1527.obj	1189971	367351	47264463
isa_BP3D_4.0_obj_99/FJ1527M.obj	1178614	366357	47631874
isa_BP3D_4.0_obj_99/FJ1528.obj	618808	190152	47998292
isa_BP3D_4.0_obj_99/FJ1528M.obj	613804	189599	48188504
isa_BP3D_4.0_obj_99/FJ1532.obj	355503	108900	48378164
isa_BP3D_4.0_obj_99/FJ1532M.obj	353007	108655	48487124
isa_BP3D_4.0_obj_99/FJ1533.obj	179817	54985	48595840
isa_BP3D_4.0_obj_99/FJ1533M.obj	178291	54888	48650885
isa_BP3D_4.0_obj_99/FJ1534.obj	229177	71143	48705834
isa_BP3D_4.0_obj_99/FJ1534M.obj	227947	71028	48777037
isa_BP3D_4.0_obj_99/FJ1535.obj	1319188	410692	48848126
isa_BP3D_4.0_obj_99/FJ1535M.obj	1306680	409091	49258878
isa_BP3D_4.0_obj_99/FJ1536.obj	549548	169413	49668030
isa_BP3D_4.0_obj_99/FJ1536M.obj	544456	169113	49837503
isa_BP3D_4.0_obj_99/FJ1537.obj	157909	49715	50006677
isa_BP3D_4.0_obj_99/FJ1537M.obj	156319	49552	50056452
isa_BP3D_4.0_obj_99/FJ1538.obj	219002	61934	50106065
isa_BP3D_4.0_obj_99/FJ1538M.obj	215105	61441	50168059
isa_BP3D_4.0_obj_99/FJ1539.obj	294969	94640	50229561
isa_BP3D_4.0_obj_99/FJ1539M.obj	291523	94063	50324261
isa_BP3D_4.0_obj_99/FJ1540.obj	448376	140512	50418385
isa_BP3D_4.0_obj_99/FJ1540M.obj	444404	140178	50558957
isa_BP3D_4.0_obj_99/FJ1541.obj	977758	298094	50699196
isa_BP3D_4.0_obj_99/FJ1541M.obj	969175	296940	50997350
isa_BP3D_4.0_obj_99/FJ1542.obj	685962	208620	51294351
isa_BP3D_4.0_obj_99/FJ1542M.obj	679307	207848	51503031
isa_BP3D_4.0_obj_99/FJ1543.obj	103745	32333	51710940
isa_BP3D_4.0_obj_99/FJ1543M.obj	102979	32388	51743333
isa_BP3D_4.0_obj_99/FJ1544.obj	598901	189710	51775782
isa_BP3D_4.0_obj_99/FJ1544M.obj	594041	189162	51965552
isa_BP3D_4.0_obj_99/FJ1545.obj	556499	168763	52154775
isa_BP3D_4.0_obj_99/FJ1545M.obj	554265	168610	52323598
isa_BP3D_4.0_obj_99/FJ1546.obj	486722	149028	52492269
isa_BP3D_4.0_obj_99/FJ1546M.obj	483632	148964	52641357
isa_BP3D_4.0_obj_99/FJ1547.obj	139328	40652	52790382
isa_BP3D_4.0_obj_99/FJ1547M.obj	137754	40717	52831094
isa_BP3D_4.0_obj_99/FJ1548.obj	137074	42368	52871872
isa_BP3D_4.0_obj_99/FJ1548M.obj	135455	42271	52914300
isa_BP3D_4.0_obj_99/FJ1549.obj	97662	30423	52956632
isa_BP3D_4.0_obj_99/FJ1549M.obj	96761	30505	52987115
isa_BP3D_4.0_obj_99/FJ1550.obj	71723	22590	53017681
isa_BP3D_4.0_obj_99/FJ1550M.obj	71035	22604	53040331
isa_BP3D_4.0_obj_99/FJ1551.obj	37133	11793	53062996
isa_BP3D_4.0_obj_99/FJ1551M.obj	36945	11789	53074849
isa_BP3D_4.0_obj_99/FJ1552.obj	104471	32939	53086699
isa_BP3D_4.0_obj_99/FJ1552M.obj	104331	33168	53119698
isa_BP3D_4.0_obj_99/FJ1553.obj	96067	29636	53152927
isa_BP3D_4.0_obj_99/FJ1553M.obj	95027	29649	53182623
isa_BP3D_4.0_obj_99/FJ1554.obj	351869	108594	53212333
isa_BP3D_4.0_obj_99/FJ1554M.obj	348493	107714	53320987
isa_BP3D_4.0_obj_99/FJ1555.obj	42800	14064	53428762
isa_BP3D_4.0_obj_99/FJ1556.obj	47157	15222	53442886
isa_BP3D_4.0_obj_99/FJ1557.obj	124773	39772	53458168
isa_BP3D_4.0_obj_99/FJ1558.obj	896681	267326	53498000
isa_BP3D_4.0_obj_99/FJ1559.obj	46065	15227	53765386
isa_BP3D_4.0_obj_99/FJ1560.obj	32825	10359	53780673
isa_BP3D_4.0_obj_99/FJ1561.obj	262624	80010	53791092
isa_BP3D_4.0_obj_99/FJ1562.obj	133298	41320	53871162
isa_BP3D_4.0_obj_99/FJ1563.obj	71856	23680	53912542
isa_BP3D_4.0_obj_99/FJ1564.obj	127978	36031	53936282
isa_BP3D_4.0_obj_99/FJ1565.obj	367436	110224	53972373
isa_BP3D_4.0_obj_99/FJ1566.obj	61793	19451	54082657
isa_BP3D_4.0_obj_99/FJ1567.obj	107211	34043	54102168
isa_BP3D_4.0_obj_99/FJ1568.obj	65082	20507	54136271
isa_BP3D_4.0_obj_99/FJ1569.obj	56282	17871	54156838
isa_BP3D_4.0_obj_99/FJ1570.obj	179909	56189	54174769
isa_BP3D_4.0_obj_99/FJ1571.obj	309508	93387	54231018
isa_BP3D_4.0_obj_99/FJ1572.obj	200162	61938	54324465
isa_BP3D_4.0_obj_99/FJ1573.obj	718388	214439	54386463
isa_BP3D_4.0_obj_99/FJ1574.obj	204287	62545	54600962
isa_BP3D_4.0_obj_99/FJ1575.obj	172843	52883	54663567
isa_BP3D_4.0_obj_99/FJ1576.obj	89944	28371	54716510
isa_BP3D_4.0_obj_99/FJ1577.obj	96410	30078	54744941
isa_BP3D_4.0_obj_99/FJ1578.obj	149166	46651	54775079
isa_BP3D_4.0_obj_99/FJ1579.obj	160591	49343	54821790
isa_BP3D_4.0_obj_99/FJ1580.obj	45501	15012	54871193
isa_BP3D_4.0_obj_99/FJ1581.obj	37984	11902	54886265
isa_BP3D_4.0_obj_99/FJ1582.obj	278756	84633	54898227
isa_BP3D_4.0_obj_99/FJ1583.obj	135100	41602	54982920
isa_BP3D_4.0_obj_99/FJ1584.obj	71500	23330	55024582
isa_BP3D_4.0_obj_99/FJ1585.obj	135599	36746	55047972
isa_BP3D_4.0_obj_99/FJ1586.obj	383387	115187	55084778
isa_BP3D_4.0_obj_99/FJ1587.obj	950590	282801	55200025
isa_BP3D_4.0_obj_99/FJ1588.obj	68249	20391	55482886
isa_BP3D_4.0_obj_99/FJ1589.obj	110635	34596	55503337
isa_BP3D_4.0_obj_99/FJ1590.obj	69750	21437	55537993
isa_BP3D_4.0_obj_99/FJ1591.obj	52646	16676	55559490
isa_BP3D_4.0_obj_99/FJ1592.obj	183341	56764	55576226
isa_BP3D_4.0_obj_99/FJ1593.obj	314596	93555	55633050
isa_BP3D_4.0_obj_99/FJ1594.obj	205887	63297	55726665
isa_BP3D_4.0_obj_99/FJ1595.obj	755824	223876	55790022
isa_BP3D_4.0_obj_99/FJ1596.obj	213915	65414	56013958
isa_BP3D_4.0_obj_99/FJ1597.obj	176101	53556	56079432
isa_BP3D_4.0_obj_99/FJ1598.obj	86582	27543	56133048
isa_BP3D_4.0_obj_99/FJ1599.obj	107757	32360	56160651
isa_BP3D_4.0_obj_99/FJ1600.obj	151215	47286	56193071
isa_BP3D_4.0_obj_99/FJ1601.obj	211566	66770	56240417
isa_BP3D_4.0_obj_99/FJ1654.obj	24036	8128	56307247
isa_BP3D_4.0_obj_99/FJ1654M.obj	23827	8114	56315435
isa_BP3D_4.0_obj_99/FJ1655.obj	6201	2322	56323610
isa_BP3D_4.0_obj_99/FJ1656.obj	53755	17237	56325992
isa_BP3D_4.0_obj_99/FJ1656M.obj	53042	17198	56343289
isa_BP3D_4.0_obj_99/FJ1657.obj	21757	7444	56360548
isa_BP3D_4.0_obj_99/FJ1657M.obj	21558	7406	56368052
isa_BP3D_4.0_obj_99/FJ1658.obj	32443	10561	56375519
isa_BP3D_4.0_obj_99/FJ1658M.obj	32131	10581	56386140
isa_BP3D_4.0_obj_99/FJ1659.obj	99918	30993	56396782
isa_BP3D_4.0_obj_99/FJ1659M.obj	98913	30982	56427835
isa_BP3D_4.0_obj_99/FJ1660.obj	68147	21230	56458878
isa_BP3D_4.0_obj_99/FJ1660M.obj	67554	21051	56480168
isa_BP3D_4.0_obj_99/FJ1661.obj	165586	50637	56501280
isa_BP3D_4.0_obj_99/FJ1661M.obj	163846	50489	56551977
isa_BP3D_4.0_obj_99/FJ1662.obj	119006	35790	56602527
isa_BP3D_4.0_obj_99/FJ1662M.obj	117108	35493	56638377
isa_BP3D_4.0_obj_99/FJ1663.obj	30086	9563	56673931
isa_BP3D_4.0_obj_99/FJ1663M.obj	29798	9541	56683554
isa_BP3D_4.0_obj_99/FJ1664.obj	243677	71771	56693156
isa_BP3D_4.0_obj_99/FJ1664M.obj	241415	71357	56764987
isa_BP3D_4.0_obj_99/FJ1665.obj	219701	65025	56836405
isa_BP3D_4.0_obj_99/FJ1665M.obj	217900	64861	56901490
isa_BP3D_4.0_obj_99/FJ1666.obj	172116	51791	56966412
isa_BP3D_4.0_obj_99/FJ1666M.obj	170637	51739	57018263
isa_BP3D_4.0_obj_99/FJ1667.obj	113581	35097	57070063
isa_BP3D_4.0_obj_99/FJ1667M.obj	112509	34963	57105220
isa_BP3D_4.0_obj_99/FJ1668.obj	216629	63878	57140244
isa_BP3D_4.0_obj_99/FJ1668M.obj	214838	63782	57204182
isa_BP3D_4.0_obj_99/FJ1669.obj	74923	23447	57268025
isa_BP3D_4.0_obj_99/FJ1669M.obj	74291	23461	57291532
isa_BP3D_4.0_obj_99/FJ1670.obj	52553	16760	57315054
isa_BP3D_4.0_obj_99/FJ1670M.obj	52113	16657	57331874
isa_BP3D_4.0_obj_99/FJ1671.obj	93145	28994	57348592
isa_BP3D_4.0_obj_99/FJ1671M.obj	92503	28943	57377646
isa_BP3D_4.0_obj_99/FJ1672.obj	15573	5643	57406650
isa_BP3D_4.0_obj_99/FJ1673.obj	106048	33202	57412353
isa_BP3D_4.0_obj_99/FJ1673M.obj	104873	33032	57445615
isa_BP3D_4.0_obj_99/FJ1674.obj	34249	10478	57478708
isa_BP3D_4.0_obj_99/FJ1674M.obj	33850	10506	57489246
isa_BP3D_4.0_obj_99/FJ1675.obj	75385	22683	57499813
isa_BP3D_4.0_obj_99/FJ1675M.obj	74574	22645	57522556
isa_BP3D_4.0_obj_99/FJ1676.obj	36637	12281	57545262
isa_BP3D_4.0_obj_99/FJ1676M.obj	36482	12276	57557603
isa_BP3D_4.0_obj_99/FJ1677.obj	15678	5483	57569940
isa_BP3D_4.0_obj_99/FJ1677M.obj	15659	5525	57575483
isa_BP3D_4.0_obj_99/FJ1678.obj	76002	24609	57581069
isa_BP3D_4.0_obj_99/FJ1678M.obj	75449	24584	57605738
isa_BP3D_4.0_obj_99/FJ1679.obj	15352	4911	57630383
isa_BP3D_4.0_obj_99/FJ1679M.obj	15298	4924	57635354
isa_BP3D_4.0_obj_99/FJ1680.obj	94916	29923	57640339
isa_BP3D_4.0_obj_99/FJ1680M.obj	93936	29864	57670322
isa_BP3D_4.0_obj_99/FJ1681.obj	69305	21794	57700247
isa_BP3D_4.0_obj_99/FJ1681M.obj	68291	21669	57722101
isa_BP3D_4.0_obj_99/FJ1682.obj	75967	24375	57743831
isa_BP3D_4.0_obj_99/FJ1682M.obj	75305	24302	57768266
isa_BP3D_4.0_obj_99/FJ1683.obj	63980	19792	57792629
isa_BP3D_4.0_obj_99/FJ1683M.obj	63658	19743	57812481
isa_BP3D_4.0_obj_99/FJ1684.obj	47331	14710	57832285
isa_BP3D_4.0_obj_99/FJ1684M.obj	47360	14832	57847055
isa_BP3D_4.0_obj_99/FJ1685.obj	223609	65071	57861948
isa_BP3D_4.0_obj_99/FJ1685M.obj	222029	64987	57927079
isa_BP3D_4.0_obj_99/FJ1686.obj	47777	15196	57992127
isa_BP3D_4.0_obj_99/FJ1686M.obj	47369	15205	58007383
isa_BP3D_4.0_obj_99/FJ1687.obj	138084	42776	58022649
isa_BP3D_4.0_obj_99/FJ1687M.obj	137078	42801	58065485
isa_BP3D_4.0_obj_99/FJ1688.obj	30450	9757	58108347
isa_BP3D_4.0_obj_99/FJ1688M.obj	30152	9748	58118164
isa_BP3D_4.0_obj_99/FJ1689.obj	25487	8193	58127973
isa_BP3D_4.0_obj_99/FJ1689M.obj	25229	8227	58136226
isa_BP3D_4.0_obj_99/FJ1690.obj	52652	17055	58144514
isa_BP3D_4.0_obj_99/FJ1690M.obj	52332	17125	58161629
isa_BP3D_4.0_obj_99/FJ1691.obj	185010	57807	58178815
isa_BP3D_4.0_obj_99/FJ1691M.obj	182484	57325	58236682
isa_BP3D_4.0_obj_99/FJ1692.obj	47192	15260	58294068
isa_BP3D_4.0_obj_99/FJ1692M.obj	46750	15213	58309388
isa_BP3D_4.0_obj_99/FJ1693.obj	64378	20556	58324662
isa_BP3D_4.0_obj_99/FJ1693M.obj	63487	20542	58345278
isa_BP3D_4.0_obj_99/FJ1694.obj	296060	85530	58365881
isa_BP3D_4.0_obj_99/FJ1694M.obj	293669	85373	58451471
isa_BP3D_4.0_obj_99/FJ1695.obj	145342	42631	58536905
isa_BP3D_4.0_obj_99/FJ1695M.obj	144109	42573	58579596
isa_BP3D_4.0_obj_99/FJ1696.obj	135864	41887	58622230
isa_BP3D_4.0_obj_99/FJ1696M.obj	135212	41978	58664177
isa_BP3D_4.0_obj_99/FJ1697.obj	53434	16844	58706216
isa_BP3D_4.0_obj_99/FJ1697M.obj	52954	16821	58723120
isa_BP3D_4.0_obj_99/FJ1698.obj	56356	18214	58740002
isa_BP3D_4.0_obj_99/FJ1698M.obj	56247	18205	58758276
isa_BP3D_4.0_obj_99/FJ1699.obj	90496	26913	58776542
isa_BP3D_4.0_obj_99/FJ1699M.obj	88672	26673	58803515
isa_BP3D_4.0_obj_99/FJ1700.obj	25444	8212	58830249
isa_BP3D_4.0_obj_99/FJ1700M.obj	25286	8219	58838521
isa_BP3D_4.0_obj_99/FJ1701.obj	32952	10261	58846801
isa_BP3D_4.0_obj_99/FJ1701M.obj	32613	10274	58857122
isa_BP3D_4.0_obj_99/FJ1702.obj	27102	8515	58867457
isa_BP3D_4.0_obj_99/FJ1702M.obj	26795	8439	58876032
isa_BP3D_4.0_obj_99/FJ1703.obj	25976	7952	58884532
isa_BP3D_4.0_obj_99/FJ1703M.obj	25397	7858	58892544
isa_BP3D_4.0_obj_99/FJ1704.obj	23919	7618	58900463
isa_BP3D_4.0_obj_99/FJ1704M.obj	23439	7572	58908141
isa_BP3D_4.0_obj_99/FJ1705.obj	25935	8521	58915774
isa_BP3D_4.0_obj_99/FJ1705M.obj	25826	8487	58924355
isa_BP3D_4.0_obj_99/FJ1706.obj	25854	8316	58932903
isa_BP3D_4.0_obj_99/FJ1706M.obj	25210	8220	58941279
isa_BP3D_4.0_obj_99/FJ1707.obj	9954	3226	58949560
isa_BP3D_4.0_obj_99/FJ1707M.obj	9854	3257	58952846
isa_BP3D_4.0_obj_99/FJ1708.obj	10860	3337	58956164
isa_BP3D_4.0_obj_99/FJ1708M.obj	10738	3352	58959561
isa_BP3D_4.0_obj_99/FJ1709.obj	19433	6034	58962974
isa_BP3D_4.0_obj_99/FJ1709M.obj	19242	6031	58969068
isa_BP3D_4.0_obj_99/FJ1710.obj	17537	5478	58975160
isa_BP3D_4.0_obj_99/FJ1710M.obj	17177	5465	58980698
isa_BP3D_4.0_obj_99/FJ1711.obj	68375	21166	58986224
isa_BP3D_4.0_obj_99/FJ1711M.obj	67330	21087	59007450
isa_BP3D_4.0_obj_99/FJ1712.obj	25929	8622	59028598
isa_BP3D_4.0_obj_99/FJ1712M.obj	25749	8659	59037280
isa_BP3D_4.0_obj_99/FJ1713.obj	12811	4543	59046000
isa_BP3D_4.0_obj_99/FJ1713M.obj	12680	4548	59050603
isa_BP3D_4.0_obj_99/FJ1714.obj	32332	10866	59055212
isa_BP3D_4.0_obj_99/FJ1714M.obj	32067	10864	59066138
isa_BP3D_4.0_obj_99/FJ1715.obj	63478	19911	59077063
isa_BP3D_4.0_obj_99/FJ1715M.obj	63102	19992	59097034
isa_BP3D_4.0_obj_99/FJ1716.obj	435758	125302	59117087
isa_BP3D_4.0_obj_99/FJ1716M.obj	432331	124879	59242449
isa_BP3D_4.0_obj_99/FJ1717.obj	207282	62008	59367389
isa_BP3D_4.0_obj_99/FJ1717M.obj	205834	61903	59429457
isa_BP3D_4.0_obj_99/FJ1718.obj	22838	7720	59491421
isa_BP3D_4.0_obj_99/FJ1718M.obj	22745	7734	59499201
isa_BP3D_4.0_obj_99/FJ1719.obj	108878	33741	59506996
isa_BP3D_4.0_obj_99/FJ1719M.obj	107742	33684	59540797
isa_BP3D_4.0_obj_99/FJ1720.obj	50519	16550	59574542
isa_BP3D_4.0_obj_99/FJ1720M.obj	50143	16511	59591152
isa_BP3D_4.0_obj_99/FJ1721.obj	18918	6398	59607724
isa_BP3D_4.0_obj_99/FJ1721M.obj	18736	6397	59614182
isa_BP3D_4.0_obj_99/FJ1722.obj	39155	12884	59620640
isa_BP3D_4.0_obj_99/FJ1722M.obj	38729	12857	59633584
isa_BP3D_4.0_obj_99/FJ1723.obj	17185	6032	59646502
isa_BP3D_4.0_obj_99/FJ1723M.obj	17043	6043	59652594
isa_BP3D_4.0_obj_99/FJ1724.obj	346964	99003	59658698
isa_BP3D_4.0_obj_99/FJ1724M.obj	343795	98478	59757761
isa_BP3D_4.0_obj_99/FJ1725.obj	52434	17454	59856300
isa_BP3D_4.0_obj_99/FJ1725M.obj	52013	17478	59873814
isa_BP3D_4.0_obj_99/FJ1726.obj	25024	8531	59891353
isa_BP3D_4.0_obj_99/FJ1726M.obj	24832	8571	59899944
isa_BP3D_4.0_obj_99/FJ1727.obj	58909	19038	59908576
isa_BP3D_4.0_obj_99/FJ1727M.obj	58383	19054	59927674
isa_BP3D_4.0_obj_99/FJ1728.obj	28683	9680	59946789
isa_BP3D_4.0_obj_99/FJ1728M.obj	28507	9690	59956529
isa_BP3D_4.0_obj_99/FJ1729.obj	164169	51479	59966280
isa_BP3D_4.0_obj_99/FJ1729M.obj	162730	51434	60017819
isa_BP3D_4.0_obj_99/FJ1730.obj	245099	74716	60069314
isa_BP3D_4.0_obj_99/FJ1731.obj	447538	132946	60144090
isa_BP3D_4.0_obj_99/FJ1732.obj	236788	73853	60277096
isa_BP3D_4.0_obj_99/FJ1733.obj	239530	74583	60351009
isa_BP3D_4.0_obj_99/FJ1734.obj	48927	15813	60425652
isa_BP3D_4.0_obj_99/FJ1735.obj	16422	5778	60441525
isa_BP3D_4.0_obj_99/FJ1736.obj	15439	5573	60447363
isa_BP3D_4.0_obj_99/FJ1737.obj	46908	15621	60452996
isa_BP3D_4.0_obj_99/FJ1738.obj	33446	11334	60468677
isa_BP3D_4.0_obj_99/FJ1739.obj	154389	49511	60480071
isa_BP3D_4.0_obj_99/FJ1740.obj	151331	48362	60529642
isa_BP3D_4.0_obj_99/FJ1741.obj	690704	203996	60578064
isa_BP3D_4.0_obj_99/FJ1742.obj	2128770	611935	60782120
isa_BP3D_4.0_obj_99/FJ1743.obj	27755	9243	61394115
isa_BP3D_4.0_obj_99/FJ1744.obj	218647	67798	61403418
isa_BP3D_4.0_obj_99/FJ1745.obj	220234	68307	61471276
isa_BP3D_4.0_obj_99/FJ1746.obj	177780	56212	61539643
isa_BP3D_4.0_obj_99/FJ1747.obj	182921	57682	61595915
isa_BP3D_4.0_obj_99/FJ1748.obj	148027	46240	61653657
isa_BP3D_4.0_obj_99/FJ1749.obj	150490	46803	61699957
isa_BP3D_4.0_obj_99/FJ1750.obj	686435	197175	61746820
isa_BP3D_4.0_obj_99/FJ1751.obj	693186	198406	61944055
isa_BP3D_4.0_obj_99/FJ1752.obj	63160	20663	62142521
isa_BP3D_4.0_obj_99/FJ1753.obj	22629	7906	62163244
isa_BP3D_4.0_obj_99/FJ1754.obj	156733	49228	62171210
isa_BP3D_4.0_obj_99/FJ1755.obj	337260	102349	62220498
isa_BP3D_4.0_obj_99/FJ1756.obj	428396	125054	62322907
isa_BP3D_4.0_obj_99/FJ1757.obj	448013	127788	62448021
isa_BP3D_4.0_obj_99/FJ1758.obj	1837827	560041	62575869
isa_BP3D_4.0_obj_99/FJ1759.obj	57341	19144	63135970
isa_BP3D_4.0_obj_99/FJ1760.obj	132131	41056	63155174
isa_BP3D_4.0_obj_99/FJ1761.obj	17740	6343	63196290
isa_BP3D_4.0_obj_99/FJ1762.obj	9042	3480	63202693
isa_BP3D_4.0_obj_99/FJ1763.obj	7065	2345	63206233
isa_BP3D_4.0_obj_99/FJ1764.obj	23020	7561	63208638
isa_BP3D_4.0_obj_99/FJ1766.obj	11864	4366	63216259
isa_BP3D_4.0_obj_99/FJ1767.obj	1158407	329524	63220685
isa_BP3D_4.0_obj_99/FJ1768.obj	11629	4306	63550269
isa_BP3D_4.0_obj_99/FJ1769.obj	392219	116661	63554635
isa_BP3D_4.0_obj_99/FJ1770.obj	468005	138249	63671356
isa_BP3D_4.0_obj_99/FJ1771.obj	53200	17311	63809665
isa_BP3D_4.0_obj_99/FJ1772.obj	146521	44682	63827036
isa_BP3D_4.0_obj_99/FJ1773.obj	141140	43681	63871778
isa_BP3D_4.0_obj_99/FJ1774.obj	378647	111829	63915519
isa_BP3D_4.0_obj_99/FJ1775.obj	697135	204601	64027408
isa_BP3D_4.0_obj_99/FJ1776.obj	454024	131565	64232069
isa_BP3D_4.0_obj_99/FJ1777.obj	62077	20431	64363694
isa_BP3D_4.0_obj_99/FJ1778.obj	52250	16847	64384185
isa_BP3D_4.0_obj_99/FJ1779.obj	10340	3903	64401092
isa_BP3D_4.0_obj_99/FJ1780.obj	60641	19233	64405055
isa_BP3D_4.0_obj_99/FJ1781.obj	1579646	453806	64424348
isa_BP3D_4.0_obj_99/FJ1782.obj	100051	32606	64878214
isa_BP3D_4.0_obj_99/FJ1783.obj	96372	31479	64910880
isa_BP3D_4.0_obj_99/FJ1784.obj	101913	32803	64942419
isa_BP3D_4.0_obj_99/FJ1785.obj	47143	15971	64975282
isa_BP3D_4.0_obj_99/FJ1786.obj	54449	18232	64991313
isa_BP3D_4.0_obj_99/FJ1787.obj	226086	70252	65009605
isa_BP3D_4.0_obj_99/FJ1788.obj	224095	70228	65079917
isa_BP3D_4.0_obj_99/FJ1789.obj	174631	55407	65150205
isa_BP3D_4.0_obj_99/FJ1790.obj	179357	56685	65205672
isa_BP3D_4.0_obj_99/FJ1791.obj	293610	91411	65262417
isa_BP3D_4.0_obj_99/FJ1792.obj	307991	95245	65353888
isa_BP3D_4.0_obj_99/FJ1793.obj	179022	55878	65449193
isa_BP3D_4.0_obj_99/FJ1794.obj	173187	53690	65505131
isa_BP3D_4.0_obj_99/FJ1795.obj	34031	11572	65558881
isa_BP3D_4.0_obj_99/FJ1796.obj	70119	22629	65570513
isa_BP3D_4.0_obj_99/FJ1797.obj	236182	73776	65593202
isa_BP3D_4.0_obj_99/FJ1798.obj	238993	74585	65667038
isa_BP3D_4.0_obj_99/FJ1799.obj	49185	16127	65741683
isa_BP3D_4.0_obj_99/FJ1800.obj	270175	83731	65757870
isa_BP3D_4.0_obj_99/FJ1801.obj	274741	84532	65841661
isa_BP3D_4.0_obj_99/FJ1802.obj	159115	49849	65926253
isa_BP3D_4.0_obj_99/FJ1803.obj	344942	103120	65976162
isa_BP3D_4.0_obj_99/FJ1804.obj	430203	124825	66079342
isa_BP3D_4.0_obj_99/FJ1805.obj	338283	96566	66204227
isa_BP3D_4.0_obj_99/FJ1806.obj	1922977	579893	66300853
isa_BP3D_4.0_obj_99/FJ1807.obj	60478	19911	66880806
isa_BP3D_4.0_obj_99/FJ1808.obj	131989	40900	66900777
isa_BP3D_4.0_obj_99/FJ1809.obj	15073	5418	66941737
isa_BP3D_4.0_obj_99/FJ1810.obj	11681	4332	66947215
isa_BP3D_4.0_obj_99/FJ1811.obj	8108	2701	66951607
isa_BP3D_4.0_obj_99/FJ1812.obj	22387	7290	66954368
isa_BP3D_4.0_obj_99/FJ1813.obj	35514	11820	66961718
isa_BP3D_4.0_obj_99/FJ1814.obj	1168390	330341	66973598
isa_BP3D_4.0_obj_99/FJ1815.obj	12646	4600	67303999
isa_BP3D_4.0_obj_99/FJ1816.obj	11319	4174	67308659
isa_BP3D_4.0_obj_99/FJ1816M.obj	11191	4163	67312893
isa_BP3D_4.0_obj_99/FJ1817.obj	461102	134187	67317117
isa_BP3D_4.0_obj_99/FJ1818.obj	53023	17141	67451364
isa_BP3D_4.0_obj_99/FJ1819.obj	146608	44440	67468565
isa_BP3D_4.0_obj_99/FJ1820.obj	142055	43791	67513065
isa_BP3D_4.0_obj_99/FJ1821.obj	391141	115985	67556916
isa_BP3D_4.0_obj_99/FJ1822.obj	727798	211230	67672961
isa_BP3D_4.0_obj_99/FJ1823.obj	460356	133458	67884251
isa_BP3D_4.0_obj_99/FJ1824.obj	57068	18718	68017769
isa_BP3D_4.0_obj_99/FJ1825.obj	61009	19191	68036547
isa_BP3D_4.0_obj_99/FJ1826.obj	10171	3827	68055798
isa_BP3D_4.0_obj_99/FJ1827.obj	44651	15111	68059685
isa_BP3D_4.0_obj_99/FJ1828.obj	65789	19974	68074856
isa_BP3D_4.0_obj_99/FJ1829.obj	22898	7941	68094890
isa_BP3D_4.0_obj_99/FJ1830.obj	1598659	454970	68102891
isa_BP3D_4.0_obj_99/FJ1831.obj	401304	118201	68557921
isa_BP3D_4.0_obj_99/FJ1832.obj	508236	151405	68676182
isa_BP3D_4.0_obj_99/FJ1833.obj	432276	132707	68827647
isa_BP3D_4.0_obj_99/FJ1834.obj	437650	133183	68960414
isa_BP3D_4.0_obj_99/FJ1835.obj	366912	114359	69093657
isa_BP3D_4.0_obj_99/FJ1836.obj	383555	118042	69208076
isa_BP3D_4.0_obj_99/FJ1837.obj	114207	36736	69326178
isa_BP3D_4.0_obj_99/FJ1838.obj	120477	38428	69362974
isa_BP3D_4.0_obj_99/FJ1839.obj	139270	44706	69401462
isa_BP3D_4.0_obj_99/FJ1840.obj	141396	45139	69446228
isa_BP3D_4.0_obj_99/FJ1841.obj	149885	47678	69491427
isa_BP3D_4.0_obj_99/FJ1842.obj	152420	48316	69539165
isa_BP3D_4.0_obj_99/FJ1843.obj	1492065	424317	69587541
isa_BP3D_4.0_obj_99/FJ1844.obj	14342	5236	70011918
isa_BP3D_4.0_obj_99/FJ1846.obj	14331	5188	70017214
isa_BP3D_4.0_obj_99/FJ1853.obj	222419	65452	70022462
isa_BP3D_4.0_obj_99/FJ1858.obj	667022	195264	70087974
isa_BP3D_4.0_obj_99/FJ1867.obj	72337	22969	70283298
isa_BP3D_4.0_obj_99/FJ1874.obj	35937	11612	70306327
isa_BP3D_4.0_obj_99/FJ1883.obj	29370	9898	70317999
isa_BP3D_4.0_obj_99/FJ1893.obj	86147	27712	70327957
isa_BP3D_4.0_obj_99/FJ1895.obj	307895	90958	70355729
isa_BP3D_4.0_obj_99/FJ1896.obj	344665	105352	70446747
isa_BP3D_4.0_obj_99/FJ1913.obj	219500	66771	70552159
isa_BP3D_4.0_obj_99/FJ1914.obj	19612	6735	70618990
isa_BP3D_4.0_obj_99/FJ1916.obj	22945	7777	70625785
isa_BP3D_4.0_obj_99/FJ1924.obj	101355	31726	70633622
isa_BP3D_4.0_obj_99/FJ1928.obj	68162	22754	70665408
isa_BP3D_4.0_obj_99/FJ1931.obj	142151	45233	70688222
isa_BP3D_4.0_obj_99/FJ1932.obj	141418	45160	70733515
isa_BP3D_4.0_obj_99/FJ1933.obj	94061	29886	70778735
isa_BP3D_4.0_obj_99/FJ1934.obj	72916	23633	70808681
isa_BP3D_4.0_obj_99/FJ1935.obj	11131	4036	70832374
isa_BP3D_4.0_obj_99/FJ1936.obj	136946	41945	70836470
isa_BP3D_4.0_obj_99/FJ1937.obj	219940	65696	70878475
isa_BP3D_4.0_obj_99/FJ1938.obj	144251	43301	70944231
isa_BP3D_4.0_obj_99/FJ1939.obj	89654	28875	70987592
isa_BP3D_4.0_obj_99/FJ1950.obj	161995	50164	71016527
isa_BP3D_4.0_obj_99/FJ1961.obj	2589428	744102	71066751
isa_BP3D_4.0_obj_99/FJ1967.obj	91257	29618	71810913
isa_BP3D_4.0_obj_99/FJ1969.obj	153528	46950	71840591
isa_BP3D_4.0_obj_99/FJ1970.obj	11757	4268	71887601
isa_BP3D_4.0_obj_99/FJ1971.obj	137521	42337	71891929
isa_BP3D_4.0_obj_99/FJ1972.obj	224549	67115	71934326
isa_BP3D_4.0_obj_99/FJ1973.obj	90536	29216	72001501
isa_BP3D_4.0_obj_99/FJ1974.obj	164855	51352	72030777
isa_BP3D_4.0_obj_99/FJ1975.obj	2382075	680657	72082189
isa_BP3D_4.0_obj_99/FJ1976.obj	143152	43223	72762906
isa_BP3D_4.0_obj_99/FJ1977.obj	80601	26729	72806189
isa_BP3D_4.0_obj_99/FJ1979.obj	154513	47448	72832978
isa_BP3D_4.0_obj_99/FJ1981.obj	283188	85366	72880486
isa_BP3D_4.0_obj_99/FJ1985.obj	2575948	733718	72965912
isa_BP3D_4.0_obj_99/FJ1986.obj	45994	15446	73699690
isa_BP3D_4.0_obj_99/FJ1987.obj	59127	19684	73715196
isa_BP3D_4.0_obj_99/FJ1988.obj	198086	59828	73734940
isa_BP3D_4.0_obj_99/FJ1991.obj	65521	21711	73794828
isa_BP3D_4.0_obj_99/FJ1993.obj	188989	57322	73816599
isa_BP3D_4.0_obj_99/FJ1994.obj	2663783	759823	73873981
isa_BP3D_4.0_obj_99/FJ1995.obj	76228	25191	74633864
isa_BP3D_4.0_obj_99/FJ1996.obj	200101	60024	74659115
isa_BP3D_4.0_obj_99/FJ2011.obj	60341	20297	74719199
isa_BP3D_4.0_obj_99/FJ2013.obj	14331	5189	74739556
isa_BP3D_4.0_obj_99/FJ2025.obj	143305	44838	74744805
isa_BP3D_4.0_obj_99/FJ2034.obj	8726	3215	74789703
isa_BP3D_4.0_obj_99/FJ2038.obj	13008	4772	74792978
isa_BP3D_4.0_obj_99/FJ2041.obj	17500	6228	74797810
isa_BP3D_4.0_obj_99/FJ2042.obj	19908	6966	74804098
isa_BP3D_4.0_obj_99/FJ2043.obj	15490	5607	74811124
isa_BP3D_4.0_obj_99/FJ2044.obj	16919	5975	74816791
isa_BP3D_4.0_obj_99/FJ2045.obj	31466	10751	74822826
isa_BP3D_4.0_obj_99/FJ2046.obj	17690	6244	74833637
isa_BP3D_4.0_obj_99/FJ2049.obj	17961	6413	74839941
isa_BP3D_4.0_obj_99/FJ2052.obj	17100	6136	74846414
isa_BP3D_4.0_obj_99/FJ2053.obj	18593	6587	74852610
isa_BP3D_4.0_obj_99/FJ2054.obj	31684	10934	74859257
isa_BP3D_4.0_obj_99/FJ2055.obj	65479	22292	74870251
isa_BP3D_4.0_obj_99/FJ2056.obj	145533	45784	74892603
isa_BP3D_4.0_obj_99/FJ2057.obj	331542	97634	74938447
isa_BP3D_4.0_obj_99/FJ2058.obj	47475	15395	75036141
isa_BP3D_4.0_obj_99/FJ2059.obj	112131	35519	75051596
isa_BP3D_4.0_obj_99/FJ2060.obj	37296	12569	75087175
isa_BP3D_4.0_obj_99/FJ2061.obj	113142	35585	75099804
isa_BP3D_4.0_obj_99/FJ2062.obj	38184	12732	75135449
isa_BP3D_4.0_obj_99/FJ2063.obj	328613	96935	75148241
isa_BP3D_4.0_obj_99/FJ2064.obj	45359	14922	75245236
isa_BP3D_4.0_obj_99/FJ2065.obj	1122418	324182	75260218
isa_BP3D_4.0_obj_99/FJ2066.obj	392663	116559	75584460
isa_BP3D_4.0_obj_99/FJ2067.obj	37791	12743	75701079
isa_BP3D_4.0_obj_99/FJ2068.obj	28103	9619	75713882
isa_BP3D_4.0_obj_99/FJ2069.obj	413997	122489	75723561
isa_BP3D_4.0_obj_99/FJ2072.obj	361422	108907	75846110
isa_BP3D_4.0_obj_99/FJ2073.obj	67627	23109	75955077
isa_BP3D_4.0_obj_99/FJ2074.obj	43290	15146	75978246
isa_BP3D_4.0_obj_99/FJ2076.obj	132409	41724	75993452
isa_BP3D_4.0_obj_99/FJ2077.obj	136675	43265	76035236
isa_BP3D_4.0_obj_99/FJ2078.obj	66029	21810	76078561
isa_BP3D_4.0_obj_99/FJ2079.obj	53154	17753	76100431
isa_BP3D_4.0_obj_99/FJ2080.obj	132932	41668	76118244
isa_BP3D_4.0_obj_99/FJ2081.obj	95255	31324	76159972
isa_BP3D_4.0_obj_99/FJ2082.obj	46578	15665	76191356
isa_BP3D_4.0_obj_99/FJ2083.obj	103924	33898	76207081
isa_BP3D_4.0_obj_99/FJ2084.obj	148997	46684	76241039
isa_BP3D_4.0_obj_99/FJ2085.obj	71345	23253	76287783
isa_BP3D_4.0_obj_99/FJ2086.obj	1076712	309703	76311096
isa_BP3D_4.0_obj_99/FJ2087.obj	853649	249019	76620859
isa_BP3D_4.0_obj_99/FJ2089.obj	56024	18584	76869938
isa_BP3D_4.0_obj_99/FJ2090.obj	73170	24191	76888582
isa_BP3D_4.0_obj_99/FJ2091.obj	151792	47809	76912833
isa_BP3D_4.0_obj_99/FJ2092.obj	69258	22623	76960702
isa_BP3D_4.0_obj_99/FJ2093.obj	778125	226483	76983385
isa_BP3D_4.0_obj_99/FJ2094.obj	387413	115053	77209928
isa_BP3D_4.0_obj_99/FJ2095.obj	67366	21532	77325041
isa_BP3D_4.0_obj_99/FJ2096.obj	166528	51565	77346633
isa_BP3D_4.0_obj_99/FJ2097.obj	173397	53342	77398258
isa_BP3D_4.0_obj_99/FJ2099.obj	400420	118079	77451660
isa_BP3D_4.0_obj_99/FJ2100.obj	81832	26731	77569799
isa_BP3D_4.0_obj_99/FJ2102.obj	38449	13427	77596590
isa_BP3D_4.0_obj_99/FJ2103.obj	2017238	563052	77610077
isa_BP3D_4.0_obj_99/FJ2107.obj	112312	35718	78173189
isa_BP3D_4.0_obj_99/FJ2108.obj	132814	41484	78208967
isa_BP3D_4.0_obj_99/FJ2113.obj	53233	17820	78250511
isa_BP3D_4.0_obj_99/FJ2115.obj	46783	15771	78268391
isa_BP3D_4.0_obj_99/FJ2117.obj	1076260	309430	78284222
isa_BP3D_4.0_obj_99/FJ2118.obj	894222	261568	78593712
isa_BP3D_4.0_obj_99/FJ2119.obj	121671	38301	78855340
isa_BP3D_4.0_obj_99/FJ2120.obj	505436	149729	78893701
isa_BP3D_4.0_obj_99/FJ2121.obj	1053735	303256	79043490
isa_BP3D_4.0_obj_99/FJ2122.obj	92066	29961	79346806
isa_BP3D_4.0_obj_99/FJ2124.obj	139855	43965	79376827
isa_BP3D_4.0_obj_99/FJ2125.obj	97007	31827	79420852
isa_BP3D_4.0_obj_99/FJ2127.obj	74173	24273	79452739
isa_BP3D_4.0_obj_99/FJ2128.obj	71237	23257	79477072
isa_BP3D_4.0_obj_99/FJ2129.obj	73675	23855	79500389
isa_BP3D_4.0_obj_99/FJ2130.obj	1126110	322873	79524304
isa_BP3D_4.0_obj_99/FJ2131.obj	399745	117726	79847237
isa_BP3D_4.0_obj_99/FJ2132.obj	174330	53387	79965023
isa_BP3D_4.0_obj_99/FJ2133.obj	37749	12661	80018470
isa_BP3D_4.0_obj_99/FJ2135.obj	404052	118439	80031191
isa_BP3D_4.0_obj_99/FJ2136.obj	28633	9739	80149690
isa_BP3D_4.0_obj_99/FJ2137.obj	420293	124062	80159489
isa_BP3D_4.0_obj_99/FJ2138.obj	86143	27584	80283611
isa_BP3D_4.0_obj_99/FJ2141.obj	330332	97804	80311255
isa_BP3D_4.0_obj_99/FJ2143.obj	44505	15353	80409119
isa_BP3D_4.0_obj_99/FJ2144.obj	39050	13571	80424532
isa_BP3D_4.0_obj_99/FJ2145.obj	2029380	563005	80438163
isa_BP3D_4.0_obj_99/FJ2150.obj	133791	42068	81001228
isa_BP3D_4.0_obj_99/FJ2151.obj	115549	36554	81043356
isa_BP3D_4.0_obj_99/FJ2152.obj	137113	43147	81079970
isa_BP3D_4.0_obj_99/FJ2153.obj	133828	41612	81123177
isa_BP3D_4.0_obj_99/FJ2158.obj	67041	21968	81164849
isa_BP3D_4.0_obj_99/FJ2159.obj	55711	18471	81186877
isa_BP3D_4.0_obj_99/FJ2160.obj	55768	18486	81205408
isa_BP3D_4.0_obj_99/FJ2162.obj	131179	40899	81223954
isa_BP3D_4.0_obj_99/FJ2163.obj	101578	32950	81264913
isa_BP3D_4.0_obj_99/FJ2164.obj	47375	15786	81297923
isa_BP3D_4.0_obj_99/FJ2165.obj	47048	15755	81313769
isa_BP3D_4.0_obj_99/FJ2166.obj	104633	33928	81329584
isa_BP3D_4.0_obj_99/FJ2167.obj	150382	46855	81363572
isa_BP3D_4.0_obj_99/FJ2169.obj	73729	23858	81410487
isa_BP3D_4.0_obj_99/FJ2170.obj	1088013	312257	81434405
isa_BP3D_4.0_obj_99/FJ2171.obj	1090014	310974	81746722
isa_BP3D_4.0_obj_99/FJ2172.obj	853131	247395	82057756
isa_BP3D_4.0_obj_99/FJ2173.obj	899308	261803	82305211
isa_BP3D_4.0_obj_99/FJ2174.obj	126681	39165	82567074
isa_BP3D_4.0_obj_99/FJ2175.obj	491894	144037	82606299
isa_BP3D_4.0_obj_99/FJ2176.obj	1061394	304066	82750396
isa_BP3D_4.0_obj_99/FJ2178.obj	93128	30478	83054522
isa_BP3D_4.0_obj_99/FJ2179.obj	53486	17748	83085060
isa_BP3D_4.0_obj_99/FJ2181.obj	139066	43529	83102868
isa_BP3D_4.0_obj_99/FJ2182.obj	100163	32600	83146457
isa_BP3D_4.0_obj_99/FJ2183.obj	821539	238696	83179117
isa_BP3D_4.0_obj_99/FJ2184.obj	33745	11552	83417873
isa_BP3D_4.0_obj_99/FJ2185.obj	317837	95794	83429485
isa_BP3D_4.0_obj_99/FJ2186.obj	269661	80307	83525339
isa_BP3D_4.0_obj_99/FJ2187.obj	688617	201994	83605706
isa_BP3D_4.0_obj_99/FJ2188.obj	182026	56593	83807760
isa_BP3D_4.0_obj_99/FJ2189.obj	65959	21891	83864413
isa_BP3D_4.0_obj_99/FJ2190.obj	73349	24234	83886364
isa_BP3D_4.0_obj_99/FJ2191.obj	236829	72301	83910658
isa_BP3D_4.0_obj_99/FJ2192.obj	74554	24438	83983019
isa_BP3D_4.0_obj_99/FJ2193.obj	825536	236901	84007517
isa_BP3D_4.0_obj_99/FJ2194.obj	36046	12185	84244478
isa_BP3D_4.0_obj_99/FJ2195.obj	153836	48171	84256723
isa_BP3D_4.0_obj_99/FJ2196.obj	69762	22282	84304954
isa_BP3D_4.0_obj_99/FJ2197.obj	783046	226416	84327296
isa_BP3D_4.0_obj_99/FJ2198.obj	321102	96634	84553772
isa_BP3D_4.0_obj_99/FJ2199.obj	271548	80387	84650466
isa_BP3D_4.0_obj_99/FJ2200.obj	690165	202406	84730913
isa_BP3D_4.0_obj_99/FJ2201.obj	183152	56637	84933379
isa_BP3D_4.0_obj_99/FJ2202.obj	67227	22116	84990076
isa_BP3D_4.0_obj_99/FJ2203.obj	390216	114808	85012252
isa_BP3D_4.0_obj_99/FJ2204.obj	70544	21649	85127120
isa_BP3D_4.0_obj_99/FJ2205.obj	433917	127517	85148829
isa_BP3D_4.0_obj_99/FJ2206.obj	163374	50269	85276406
isa_BP3D_4.0_obj_99/FJ2207.obj	233157	70624	85326735
isa_BP3D_4.0_obj_99/FJ2208.obj	88225	29059	85397419
isa_BP3D_4.0_obj_99/FJ2209.obj	32339	10600	85426538
isa_BP3D_4.0_obj_99/FJ2210.obj	31544	10493	85437198
isa_BP3D_4.0_obj_99/FJ2211.obj	57221	18405	85447751
isa_BP3D_4.0_obj_99/FJ2212.obj	202386	60896	85466216
isa_BP3D_4.0_obj_99/FJ2213.obj	187227	56461	85527172
isa_BP3D_4.0_obj_99/FJ2214.obj	116024	36648	85583693
isa_BP3D_4.0_obj_99/FJ2215.obj	69147	22203	85620401
isa_BP3D_4.0_obj_99/FJ2216.obj	105883	33728	85642664
isa_BP3D_4.0_obj_99/FJ2217.obj	126836	39429	85676452
isa_BP3D_4.0_obj_99/FJ2218.obj	1181748	329963	85715941
isa_BP3D_4.0_obj_99/FJ2219.obj	213367	64221	86045964
isa_BP3D_4.0_obj_99/FJ2220.obj	1497928	408918	86110245
isa_BP3D_4.0_obj_99/FJ2221.obj	44885	14767	86519223
isa_BP3D_4.0_obj_99/FJ2222.obj	56494	18477	86534050
isa_BP3D_4.0_obj_99/FJ2223.obj	25304	8673	86552587
isa_BP3D_4.0_obj_99/FJ2224.obj	15008	5326	86561320
isa_BP3D_4.0_obj_99/FJ2225.obj	150584	45869	86566706
isa_BP3D_4.0_obj_99/FJ2226.obj	66603	21993	86612635
isa_BP3D_4.0_obj_99/FJ2227.obj	103789	32734	86634688
isa_BP3D_4.0_obj_99/FJ2228.obj	268013	79130	86667482
isa_BP3D_4.0_obj_99/FJ2229.obj	115346	35984	86746672
isa_BP3D_4.0_obj_99/FJ2230.obj	46238	14842	86782716
isa_BP3D_4.0_obj_99/FJ2231.obj	18894	6499	86797618
isa_BP3D_4.0_obj_99/FJ2232.obj	286502	86598	86804177
isa_BP3D_4.0_obj_99/FJ2233.obj	224741	64995	86890835
isa_BP3D_4.0_obj_99/FJ2234.obj	334909	96935	86955890
isa_BP3D_4.0_obj_99/FJ2235.obj	150387	45561	87052885
isa_BP3D_4.0_obj_99/FJ2236.obj	43174	14195	87098506
isa_BP3D_4.0_obj_99/FJ2237.obj	111320	34736	87112761
isa_BP3D_4.0_obj_99/FJ2238.obj	36135	11905	87147557
isa_BP3D_4.0_obj_99/FJ2239.obj	57095	18484	87159522
isa_BP3D_4.0_obj_99/FJ2240.obj	41402	13678	87178066
isa_BP3D_4.0_obj_99/FJ2241.obj	23322	7893	87191804
isa_BP3D_4.0_obj_99/FJ2242.obj	492936	140983	87199757
isa_BP3D_4.0_obj_99/FJ2243.obj	157079	48103	87340800
isa_BP3D_4.0_obj_99/FJ2244.obj	311622	90719	87388963
isa_BP3D_4.0_obj_99/FJ2245.obj	76258	24724	87479742
isa_BP3D_4.0_obj_99/FJ2246.obj	47450	15459	87504526
isa_BP3D_4.0_obj_99/FJ2247.obj	30228	9862	87520045
isa_BP3D_4.0_obj_99/FJ2248.obj	180121	54918	87529967
isa_BP3D_4.0_obj_99/FJ2249.obj	146562	45157	87584945
isa_BP3D_4.0_obj_99/FJ2250.obj	116680	36584	87630162
isa_BP3D_4.0_obj_99/FJ2251.obj	119448	37599	87666806
isa_BP3D_4.0_obj_99/FJ2252.obj	27193	9061	87704465
isa_BP3D_4.0_obj_99/FJ2253.obj	127426	39177	87713586
isa_BP3D_4.0_obj_99/FJ2254.obj	99360	30738	87752823
isa_BP3D_4.0_obj_99/FJ2255.obj	8116	3007	87783621
isa_BP3D_4.0_obj_99/FJ2256.obj	43659	14558	87786688
isa_BP3D_4.0_obj_99/FJ2257.obj	22045	7592	87801306
isa_BP3D_4.0_obj_99/FJ2258.obj	451108	129293	87808958
isa_BP3D_4.0_obj_99/FJ2259.obj	27102	8953	87938311
isa_BP3D_4.0_obj_99/FJ2260.obj	372900	107602	87947324
isa_BP3D_4.0_obj_99/FJ2261.obj	85301	26952	88054986
isa_BP3D_4.0_obj_99/FJ2262.obj	79255	25077	88081998
isa_BP3D_4.0_obj_99/FJ2263.obj	59127	18922	88107135
isa_BP3D_4.0_obj_99/FJ2264.obj	201718	60664	88126117
isa_BP3D_4.0_obj_99/FJ2265.obj	189666	57030	88186841
isa_BP3D_4.0_obj_99/FJ2266.obj	119019	36967	88243931
isa_BP3D_4.0_obj_99/FJ2267.obj	71606	23056	88280958
isa_BP3D_4.0_obj_99/FJ2268.obj	108257	34219	88304074
isa_BP3D_4.0_obj_99/FJ2269.obj	130875	40234	88338353
isa_BP3D_4.0_obj_99/FJ2270.obj	1177969	329099	88378647
isa_BP3D_4.0_obj_99/FJ2271.obj	191590	58527	88707806
isa_BP3D_4.0_obj_99/FJ2272.obj	1491867	408514	88766393
isa_BP3D_4.0_obj_99/FJ2273.obj	46379	15103	89174967
isa_BP3D_4.0_obj_99/FJ2274.obj	58129	18835	89190130
isa_BP3D_4.0_obj_99/FJ2275.obj	25471	8686	89209025
isa_BP3D_4.0_obj_99/FJ2276.obj	15039	5268	89217771
isa_BP3D_4.0_obj_99/FJ2277.obj	141227	42995	89223099
isa_BP3D_4.0_obj_99/FJ2278.obj	67675	22110	89266154
isa_BP3D_4.0_obj_99/FJ2279.obj	102944	32211	89288324
isa_BP3D_4.0_obj_99/FJ2280.obj	272896	80323	89320595
isa_BP3D_4.0_obj_99/FJ2281.obj	117648	36612	89400978
isa_BP3D_4.0_obj_99/FJ2282.obj	48012	15335	89437650
isa_BP3D_4.0_obj_99/FJ2283.obj	18633	6388	89453045
isa_BP3D_4.0_obj_99/FJ2284.obj	283203	85392	89459493
isa_BP3D_4.0_obj_99/FJ2285.obj	227176	65384	89544945
isa_BP3D_4.0_obj_99/FJ2286.obj	342103	98433	89610389
isa_BP3D_4.0_obj_99/FJ2287.obj	151584	45807	89708882
isa_BP3D_4.0_obj_99/FJ2288.obj	43730	14331	89754749
isa_BP3D_4.0_obj_99/FJ2289.obj	111866	34690	89769140
isa_BP3D_4.0_obj_99/FJ2290.obj	36070	11793	89803890
isa_BP3D_4.0_obj_99/FJ2291.obj	58208	18728	89815743
isa_BP3D_4.0_obj_99/FJ2292.obj	66898	21426	89834531
isa_BP3D_4.0_obj_99/FJ2293.obj	24189	8151	89856017
isa_BP3D_4.0_obj_99/FJ2294.obj	477853	137949	89864228
isa_BP3D_4.0_obj_99/FJ2295.obj	158055	48166	90002237
isa_BP3D_4.0_obj_99/FJ2296.obj	338667	97579	90050463
isa_BP3D_4.0_obj_99/FJ2297.obj	75202	24056	90148102
isa_BP3D_4.0_obj_99/FJ2298.obj	48481	15599	90172218
isa_BP3D_4.0_obj_99/FJ2299.obj	30853	9984	90187877
isa_BP3D_4.0_obj_99/FJ2300.obj	185008	55801	90197921
isa_BP3D_4.0_obj_99/FJ2301.obj	149574	45983	90253782
isa_BP3D_4.0_obj_99/FJ2302.obj	118362	36703	90299825
isa_BP3D_4.0_obj_99/FJ2303.obj	117581	36772	90336588
isa_BP3D_4.0_obj_99/FJ2304.obj	27672	9185	90373420
isa_BP3D_4.0_obj_99/FJ2305.obj	128994	39441	90382665
isa_BP3D_4.0_obj_99/FJ2306.obj	100744	30841	90422166
isa_BP3D_4.0_obj_99/FJ2307.obj	7717	2810	90453067
isa_BP3D_4.0_obj_99/FJ2308.obj	44902	14779	90455937
isa_BP3D_4.0_obj_99/FJ2309.obj	22382	7610	90470776
isa_BP3D_4.0_obj_99/FJ2310.obj	438703	125712	90478446
isa_BP3D_4.0_obj_99/FJ2311.obj	27734	9016	90604218
isa_BP3D_4.0_obj_99/FJ2312.obj	386180	110588	90613294
isa_BP3D_4.0_obj_99/FJ2313.obj	175042	53891	90723942
isa_BP3D_4.0_obj_99/FJ2314.obj	43835	14290	90777893
isa_BP3D_4.0_obj_99/FJ2315.obj	26313	8779	90792243
isa_BP3D_4.0_obj_99/FJ2316.obj	24025	8071	90801082
isa_BP3D_4.0_obj_99/FJ2317.obj	23676	8043	90809213
isa_BP3D_4.0_obj_99/FJ2318.obj	510451	149733	90817316
isa_BP3D_4.0_obj_99/FJ2319.obj	124224	38332	90967109
isa_BP3D_4.0_obj_99/FJ2320.obj	72409	23470	91005501
isa_BP3D_4.0_obj_99/FJ2321.obj	53378	17481	91029031
isa_BP3D_4.0_obj_99/FJ2322.obj	31291	10264	91046572
isa_BP3D_4.0_obj_99/FJ2323.obj	43431	14268	91056896
isa_BP3D_4.0_obj_99/FJ2324.obj	33972	11443	91071224
isa_BP3D_4.0_obj_99/FJ2325.obj	49591	16323	91082727
isa_BP3D_4.0_obj_99/FJ2326.obj	45056	14824	91099110
isa_BP3D_4.0_obj_99/FJ2327.obj	43217	14386	91113994
isa_BP3D_4.0_obj_99/FJ2328.obj	43868	14438	91128440
isa_BP3D_4.0_obj_99/FJ2329.obj	33428	11151	91142938
isa_BP3D_4.0_obj_99/FJ2330.obj	207157	62027	91154149
isa_BP3D_4.0_obj_99/FJ2331.obj	111625	34607	91216236
isa_BP3D_4.0_obj_99/FJ2332.obj	45008	14697	91250903
isa_BP3D_4.0_obj_99/FJ2333.obj	49540	16230	91265660
isa_BP3D_4.0_obj_99/FJ2334.obj	49205	16021	91281950
isa_BP3D_4.0_obj_99/FJ2335.obj	44476	14620	91298031
isa_BP3D_4.0_obj_99/FJ2336.obj	36713	12189	91312711
isa_BP3D_4.0_obj_99/FJ2337.obj	55755	18192	91324960
isa_BP3D_4.0_obj_99/FJ2338.obj	65114	21243	91343212
isa_BP3D_4.0_obj_99/FJ2339.obj	46063	15071	91364515
isa_BP3D_4.0_obj_99/FJ2340.obj	49919	16453	91379646
isa_BP3D_4.0_obj_99/FJ2341.obj	159332	49196	91396159
isa_BP3D_4.0_obj_99/FJ2342.obj	43911	14326	91445415
isa_BP3D_4.0_obj_99/FJ2343.obj	25539	8606	91459801
isa_BP3D_4.0_obj_99/FJ2344.obj	24085	8113	91468467
isa_BP3D_4.0_obj_99/FJ2345.obj	24183	8083	91476640
isa_BP3D_4.0_obj_99/FJ2346.obj	518434	151092	91484783
isa_BP3D_4.0_obj_99/FJ2347.obj	270986	78586	91635935
isa_BP3D_4.0_obj_99/FJ2348.obj	268991	78312	91714581
isa_BP3D_4.0_obj_99/FJ2349.obj	126878	38841	91792953
isa_BP3D_4.0_obj_99/FJ2350.obj	72568	23438	91831854
isa_BP3D_4.0_obj_99/FJ2351.obj	54279	17645	91855352
isa_BP3D_4.0_obj_99/FJ2352.obj	33009	10746	91873057
isa_BP3D_4.0_obj_99/FJ2353.obj	43487	14167	91883863
isa_BP3D_4.0_obj_99/FJ2354.obj	36591	11958	91898090
isa_BP3D_4.0_obj_99/FJ2355.obj	50717	16462	91910108
isa_BP3D_4.0_obj_99/FJ2356.obj	45405	14793	91926630
isa_BP3D_4.0_obj_99/FJ2357.obj	51296	16584	91941483
isa_BP3D_4.0_obj_99/FJ2358.obj	42320	13905	91958127
isa_BP3D_4.0_obj_99/FJ2359.obj	44288	14562	91972092
isa_BP3D_4.0_obj_99/FJ2360.obj	33726	11137	91986714
isa_BP3D_4.0_obj_99/FJ2361.obj	210249	62136	91997911
isa_BP3D_4.0_obj_99/FJ2362.obj	99937	31127	92060107
isa_BP3D_4.0_obj_99/FJ2363.obj	44459	14562	92091294
isa_BP3D_4.0_obj_99/FJ2364.obj	49668	16006	92105916
isa_BP3D_4.0_obj_99/FJ2365.obj	49829	16191	92121982
isa_BP3D_4.0_obj_99/FJ2366.obj	44126	14405	92138233
isa_BP3D_4.0_obj_99/FJ2367.obj	51049	16592	92152698
isa_BP3D_4.0_obj_99/FJ2368.obj	37662	12447	92169350
isa_BP3D_4.0_obj_99/FJ2369.obj	44749	14689	92181857
isa_BP3D_4.0_obj_99/FJ2370.obj	57714	18716	92196606
isa_BP3D_4.0_obj_99/FJ2371.obj	65969	21336	92215382
isa_BP3D_4.0_obj_99/FJ2372.obj	46568	15154	92236778
isa_BP3D_4.0_obj_99/FJ2373.obj	87414	27738	92251992
isa_BP3D_4.0_obj_99/FJ2374.obj	86720	27713	92279790
isa_BP3D_4.0_obj_99/FJ2386.obj	22945	7779	92307563
isa_BP3D_4.0_obj_99/FJ2394.obj	101355	31727	92315402
isa_BP3D_4.0_obj_99/FJ2404.obj	523744	161953	92347189
isa_BP3D_4.0_obj_99/FJ2405.obj	261163	81082	92509202
isa_BP3D_4.0_obj_99/FJ2409.obj	596944	173338	92590344
isa_BP3D_4.0_obj_99/FJ2414.obj	139613	43500	92763742
isa_BP3D_4.0_obj_99/FJ2415.obj	87845	28469	92807302
isa_BP3D_4.0_obj_99/FJ2416.obj	264801	81284	92835831
isa_BP3D_4.0_obj_99/FJ2417.obj	78664	25519	92917175
isa_BP3D_4.0_obj_99/FJ2418.obj	54778	17986	92942754
isa_BP3D_4.0_obj_99/FJ2419.obj	59575	19639	92960800
isa_BP3D_4.0_obj_99/FJ2420.obj	495300	145496	92980499
isa_BP3D_4.0_obj_99/FJ2421.obj	532771	155455	93126055
isa_BP3D_4.0_obj_99/FJ2422.obj	102171	33236	93281570
isa_BP3D_4.0_obj_99/FJ2423.obj	113621	36587	93314866
isa_BP3D_4.0_obj_99/FJ2424.obj	139097	43957	93351513
isa_BP3D_4.0_obj_99/FJ2425.obj	65824	22125	93395530
isa_BP3D_4.0_obj_99/FJ2426.obj	57407	18841	93417715
isa_BP3D_4.0_obj_99/FJ2427.obj	62530	20538	93436616
isa_BP3D_4.0_obj_99/FJ2428.obj	2660930	745778	93457214
isa_BP3D_4.0_obj_99/FJ2429.obj	51282	16900	94203052
isa_BP3D_4.0_obj_99/FJ2430.obj	48375	16020	94220012
isa_BP3D_4.0_obj_99/FJ2431.obj	21434	7486	94236092
isa_BP3D_4.0_obj_99/FJ2432.obj	274620	83341	94243638
isa_BP3D_4.0_obj_99/FJ2433.obj	325359	97364	94327039
isa_BP3D_4.0_obj_99/FJ2434.obj	85105	27522	94424463
isa_BP3D_4.0_obj_99/FJ2435.obj	56513	18631	94452045
isa_BP3D_4.0_obj_99/FJ2436.obj	302591	90484	94470736
isa_BP3D_4.0_obj_99/FJ2437.obj	56351	18172	94561280
isa_BP3D_4.0_obj_99/FJ2438.obj	510077	154065	94579512
isa_BP3D_4.0_obj_99/FJ2439.obj	1211683	354849	94733637
isa_BP3D_4.0_obj_99/FJ2440.obj	105507	33856	95088546
isa_BP3D_4.0_obj_99/FJ2441.obj	70213	23425	95122462
isa_BP3D_4.0_obj_99/FJ2442.obj	45223	15280	95145947
isa_BP3D_4.0_obj_99/FJ2443.obj	28509	9820	95161287
isa_BP3D_4.0_obj_99/FJ2444.obj	35966	12394	95171167
isa_BP3D_4.0_obj_99/FJ2445.obj	38917	13257	95183621
isa_BP3D_4.0_obj_99/FJ2446.obj	44818	15255	95196938
isa_BP3D_4.0_obj_99/FJ2447.obj	18282	6521	95212253
isa_BP3D_4.0_obj_99/FJ2448.obj	28607	9895	95218834
isa_BP3D_4.0_obj_99/FJ2449.obj	53488	17750	95228789
isa_BP3D_4.0_obj_99/FJ2450.obj	271606	81803	95246599
isa_BP3D_4.0_obj_99/FJ2451.obj	32323	10997	95328462
isa_BP3D_4.0_obj_99/FJ2452.obj	33253	11388	95339519
isa_BP3D_4.0_obj_99/FJ2453.obj	24910	8724	95350967
isa_BP3D_4.0_obj_99/FJ2454.obj	24467	8617	95359751
isa_BP3D_4.0_obj_99/FJ2455.obj	41444	14039	95368428
isa_BP3D_4.0_obj_99/FJ2456.obj	11587	4244	95382527
isa_BP3D_4.0_obj_99/FJ2457.obj	41052	13918	95386831
isa_BP3D_4.0_obj_99/FJ2458.obj	31978	11006	95400809
isa_BP3D_4.0_obj_99/FJ2459.obj	33798	11571	95411875
isa_BP3D_4.0_obj_99/FJ2460.obj	14635	5296	95423506
isa_BP3D_4.0_obj_99/FJ2461.obj	9641	3603	95428862
isa_BP3D_4.0_obj_99/FJ2462.obj	9883	3590	95432525
isa_BP3D_4.0_obj_99/FJ2463.obj	8982	3298	95436175
isa_BP3D_4.0_obj_99/FJ2464.obj	6247	2345	95439533
isa_BP3D_4.0_obj_99/FJ2465.obj	7550	2792	95441938
isa_BP3D_4.0_obj_99/FJ2466.obj	6104	2290	95444790
isa_BP3D_4.0_obj_99/FJ2467.obj	27153	9330	95447140
isa_BP3D_4.0_obj_99/FJ2468.obj	15200	5272	95456530
isa_BP3D_4.0_obj_99/FJ2469.obj	7820	2791	95461862
isa_BP3D_4.0_obj_99/FJ2470.obj	53665	17595	95464713
isa_BP3D_4.0_obj_99/FJ2471.obj	7979	2953	95482368
isa_BP3D_4.0_obj_99/FJ2472.obj	9292	3327	95485381
isa_BP3D_4.0_obj_99/FJ2473.obj	10229	3597	95488768
isa_BP3D_4.0_obj_99/FJ2474.obj	10854	3848	95492425
isa_BP3D_4.0_obj_99/FJ2475.obj	13699	4965	95496333
isa_BP3D_4.0_obj_99/FJ2476.obj	10226	3749	95501358
isa_BP3D_4.0_obj_99/FJ2477.obj	7579	2646	95505167
isa_BP3D_4.0_obj_99/FJ2478.obj	7824	2824	95507873
isa_BP3D_4.0_obj_99/FJ2479.obj	13556	4928	95510757
isa_BP3D_4.0_obj_99/FJ2480.obj	8652	3147	95515745
isa_BP3D_4.0_obj_99/FJ2481.obj	26001	8476	95518952
isa_BP3D_4.0_obj_99/FJ2482.obj	8138	3024	95527488
isa_BP3D_4.0_obj_99/FJ2483.obj	7645	2837	95530572
isa_BP3D_4.0_obj_99/FJ2484.obj	9355	3507	95533469
isa_BP3D_4.0_obj_99/FJ2485.obj	6455	2357	95537036
isa_BP3D_4.0_obj_99/FJ2486.obj	16874	5850	95539453
isa_BP3D_4.0_obj_99/FJ2487.obj	92179	29310	95545363
isa_BP3D_4.0_obj_99/FJ2488.obj	49535	16115	95574733
isa_BP3D_4.0_obj_99/FJ2489.obj	40296	13290	95590908
isa_BP3D_4.0_obj_99/FJ2490.obj	37021	12299	95604258
isa_BP3D_4.0_obj_99/FJ2491.obj	92646	29245	95616617
isa_BP3D_4.0_obj_99/FJ2492.obj	19869	6659	95645922
isa_BP3D_4.0_obj_99/FJ2493.obj	93222	29574	95652641
isa_BP3D_4.0_obj_99/FJ2494.obj	21163	7093	95682275
isa_BP3D_4.0_obj_99/FJ2495.obj	56785	18296	95689428
isa_BP3D_4.0_obj_99/FJ2496.obj	174526	54229	95707784
isa_BP3D_4.0_obj_99/FJ2497.obj	21048	7030	95762073
isa_BP3D_4.0_obj_99/FJ2498.obj	42016	13840	95769163
isa_BP3D_4.0_obj_99/FJ2499.obj	91671	29300	95783063
isa_BP3D_4.0_obj_99/FJ2500.obj	17851	6140	95812423
isa_BP3D_4.0_obj_99/FJ2501.obj	35375	11700	95818623
isa_BP3D_4.0_obj_99/FJ2502.obj	23997	8054	95830383
isa_BP3D_4.0_obj_99/FJ2503.obj	50477	16131	95838497
isa_BP3D_4.0_obj_99/FJ2504.obj	160496	48108	95854688
isa_BP3D_4.0_obj_99/FJ2505.obj	33245	10704	95902856
isa_BP3D_4.0_obj_99/FJ2506.obj	158003	48132	95913620
isa_BP3D_4.0_obj_99/FJ2507.obj	97328	30270	95961812
isa_BP3D_4.0_obj_99/FJ2508.obj	56008	17815	95992142
isa_BP3D_4.0_obj_99/FJ2509.obj	150020	45438	96010017
isa_BP3D_4.0_obj_99/FJ2510.obj	53839	17364	96055515
isa_BP3D_4.0_obj_99/FJ2511.obj	19854	6706	96072939
isa_BP3D_4.0_obj_99/FJ2512.obj	23220	7657	96079705
isa_BP3D_4.0_obj_99/FJ2513.obj	49223	15919	96087422
isa_BP3D_4.0_obj_99/FJ2514.obj	41453	13413	96103401
isa_BP3D_4.0_obj_99/FJ2515.obj	142644	43671	96116874
isa_BP3D_4.0_obj_99/FJ2516.obj	58281	18706	96160605
isa_BP3D_4.0_obj_99/FJ2517.obj	20366	6951	96179371
isa_BP3D_4.0_obj_99/FJ2518.obj	14594	5099	96186382
isa_BP3D_4.0_obj_99/FJ2519.obj	15771	5424	96191541
isa_BP3D_4.0_obj_99/FJ2520.obj	113130	35609	96197025
isa_BP3D_4.0_obj_99/FJ2521.obj	38743	12677	96232694
isa_BP3D_4.0_obj_99/FJ2522.obj	57657	18420	96245431
isa_BP3D_4.0_obj_99/FJ2523.obj	14322	4968	96263911
isa_BP3D_4.0_obj_99/FJ2524.obj	19993	6787	96268939
isa_BP3D_4.0_obj_99/FJ2525.obj	12488	4406	96275786
isa_BP3D_4.0_obj_99/FJ2526.obj	12187	4296	96280252
isa_BP3D_4.0_obj_99/FJ2527.obj	13889	5124	96284608
isa_BP3D_4.0_obj_99/FJ2528.obj	16762	6027	96289792
isa_BP3D_4.0_obj_99/FJ2529.obj	9543	3414	96295879
isa_BP3D_4.0_obj_99/FJ2530.obj	8174	3086	96299353
isa_BP3D_4.0_obj_99/FJ2531.obj	6576	2355	96302499
isa_BP3D_4.0_obj_99/FJ2532.obj	17525	6284	96304914
isa_BP3D_4.0_obj_99/FJ2533.obj	12149	4359	96311258
isa_BP3D_4.0_obj_99/FJ2534.obj	6326	2378	96315677
isa_BP3D_4.0_obj_99/FJ2535.obj	19239	6789	96318115
isa_BP3D_4.0_obj_99/FJ2536.obj	19364	6751	96324964
isa_BP3D_4.0_obj_99/FJ2537.obj	7242	2649	96331775
isa_BP3D_4.0_obj_99/FJ2538.obj	10397	3724	96334484
isa_BP3D_4.0_obj_99/FJ2539.obj	300354	90363	96338268
isa_BP3D_4.0_obj_99/FJ2540.obj	23856	8266	96428691
isa_BP3D_4.0_obj_99/FJ2541.obj	320943	97405	96437017
isa_BP3D_4.0_obj_99/FJ2542.obj	150292	46886	96534482
isa_BP3D_4.0_obj_99/FJ2543.obj	24485	8642	96581428
isa_BP3D_4.0_obj_99/FJ2544.obj	296272	90340	96590130
isa_BP3D_4.0_obj_99/FJ2545.obj	327718	101021	96680530
isa_BP3D_4.0_obj_99/FJ2546.obj	304204	92269	96781611
isa_BP3D_4.0_obj_99/FJ2547.obj	159594	48697	96873940
isa_BP3D_4.0_obj_99/FJ2548.obj	25320	8858	96922697
isa_BP3D_4.0_obj_99/FJ2549.obj	325824	99382	96931615
isa_BP3D_4.0_obj_99/FJ2550.obj	364094	110550	97031057
isa_BP3D_4.0_obj_99/FJ2551.obj	367735	105027	97141667
isa_BP3D_4.0_obj_99/FJ2552.obj	46449	15599	97246754
isa_BP3D_4.0_obj_99/FJ2553.obj	46895	15798	97262413
isa_BP3D_4.0_obj_99/FJ2554.obj	23329	8082	97278271
isa_BP3D_4.0_obj_99/FJ2555.obj	26385	9110	97286413
isa_BP3D_4.0_obj_99/FJ2556.obj	30908	10390	97295583
isa_BP3D_4.0_obj_99/FJ2557.obj	30012	10036	97306033
isa_BP3D_4.0_obj_99/FJ2558.obj	34661	11492	97316129
isa_BP3D_4.0_obj_99/FJ2561.obj	79430	26810	97327681
isa_BP3D_4.0_obj_99/FJ2562.obj	121859	38123	97354551
isa_BP3D_4.0_obj_99/FJ2563.obj	35886	12529	97392734
isa_BP3D_4.0_obj_99/FJ2564.obj	106974	34975	97405323
isa_BP3D_4.0_obj_99/FJ2565.obj	27107	9490	97440358
isa_BP3D_4.0_obj_99/FJ2566.obj	214378	67164	97449908
isa_BP3D_4.0_obj_99/FJ2567.obj	365589	112777	97517132
isa_BP3D_4.0_obj_99/FJ2568.obj	1480715	444882	97629969
isa_BP3D_4.0_obj_99/FJ2569.obj	1386109	413113	98074911
isa_BP3D_4.0_obj_99/FJ2570.obj	1319624	396885	98488084
isa_BP3D_4.0_obj_99/FJ2571.obj	129712	42693	98885029
isa_BP3D_4.0_obj_99/FJ2572.obj	225548	70502	98927782
isa_BP3D_4.0_obj_99/FJ2573.obj	112674	36536	98998344
isa_BP3D_4.0_obj_99/FJ2574.obj	22513	7990	99034940
isa_BP3D_4.0_obj_99/FJ2575.obj	16098	5969	99042990
isa_BP3D_4.0_obj_99/FJ2576.obj	10155	3902	99049019
isa_BP3D_4.0_obj_99/FJ2577.obj	19010	6925	99052981
isa_BP3D_4.0_obj_99/FJ2578.obj	17636	6436	99059966
isa_BP3D_4.0_obj_99/FJ2579.obj	16651	6105	99066462
isa_BP3D_4.0_obj_99/FJ2580.obj	20138	7293	99072627
isa_BP3D_4.0_obj_99/FJ2581.obj	12419	4607	99079980
isa_BP3D_4.0_obj_99/FJ2582.obj	12520	4713	99084647
isa_BP3D_4.0_obj_99/FJ2583.obj	11377	4333	99089420
isa_BP3D_4.0_obj_99/FJ2584.obj	13109	4921	99093813
isa_BP3D_4.0_obj_99/FJ2585.obj	17446	6332	99098794
isa_BP3D_4.0_obj_99/FJ2586.obj	15734	5799	99105186
isa_BP3D_4.0_obj_99/FJ2587.obj	13065	4935	99111045
isa_BP3D_4.0_obj_99/FJ2588.obj	15688	5790	99116040
isa_BP3D_4.0_obj_99/FJ2589.obj	18966	6946	99121890
isa_BP3D_4.0_obj_99/FJ2590.obj	10651	4119	99128896
isa_BP3D_4.0_obj_99/FJ2591.obj	13161	4990	99133075
isa_BP3D_4.0_obj_99/FJ2592.obj	14150	5223	99138125
isa_BP3D_4.0_obj_99/FJ2593.obj	15166	5566	99143408
isa_BP3D_4.0_obj_99/FJ2594.obj	12692	4727	99149034
isa_BP3D_4.0_obj_99/FJ2595.obj	15372	5619	99153821
isa_BP3D_4.0_obj_99/FJ2596.obj	14164	5210	99159500
isa_BP3D_4.0_obj_99/FJ2597.obj	11751	4465	99164770
isa_BP3D_4.0_obj_99/FJ2598.obj	14437	5315	99169295
isa_BP3D_4.0_obj_99/FJ2599.obj	17331	6321	99174670
isa_BP3D_4.0_obj_99/FJ2600.obj	15129	5546	99181051
isa_BP3D_4.0_obj_99/FJ2601.obj	13045	4874	99186657
isa_BP3D_4.0_obj_99/FJ2602.obj	15569	5782	99191591
isa_BP3D_4.0_obj_99/FJ2603.obj	17212	6294	99197433
isa_BP3D_4.0_obj_99/FJ2604.obj	12057	4543	99203787
isa_BP3D_4.0_obj_99/FJ2605.obj	19703	7122	99208390
isa_BP3D_4.0_obj_99/FJ2606.obj	21174	7459	99215572
isa_BP3D_4.0_obj_99/FJ2607.obj	14008	5241	99223091
isa_BP3D_4.0_obj_99/FJ2608.obj	15007	5553	99228392
isa_BP3D_4.0_obj_99/FJ2609.obj	10881	4182	99234005
isa_BP3D_4.0_obj_99/FJ2610.obj	17388	6374	99238247
isa_BP3D_4.0_obj_99/FJ2611.obj	13407	5025	99244681
isa_BP3D_4.0_obj_99/FJ2612.obj	14765	5488	99249766
isa_BP3D_4.0_obj_99/FJ2613.obj	10129	3950	99255314
isa_BP3D_4.0_obj_99/FJ2614.obj	13427	5065	99259324
isa_BP3D_4.0_obj_99/FJ2615.obj	16018	5926	99264449
isa_BP3D_4.0_obj_99/FJ2616.obj	26543	9410	99270435
isa_BP3D_4.0_obj_99/FJ2617.obj	14286	5271	99279905
isa_BP3D_4.0_obj_99/FJ2618.obj	13019	4891	99285236
isa_BP3D_4.0_obj_99/FJ2619.obj	15666	5770	99290187
isa_BP3D_4.0_obj_99/FJ2620.obj	17065	6165	99296017
isa_BP3D_4.0_obj_99/FJ2621.obj	30868	10755	99302242
isa_BP3D_4.0_obj_99/FJ2622.obj	10194	3935	99313057
isa_BP3D_4.0_obj_99/FJ2623.obj	22957	8283	99317052
isa_BP3D_4.0_obj_99/FJ2624.obj	10187	3954	99325395
isa_BP3D_4.0_obj_99/FJ2625.obj	8813	3452	99329409
isa_BP3D_4.0_obj_99/FJ2626.obj	20247	7331	99332921
isa_BP3D_4.0_obj_99/FJ2627.obj	10880	4190	99340312
isa_BP3D_4.0_obj_99/FJ2628.obj	13914	5219	99344562
isa_BP3D_4.0_obj_99/FJ2629.obj	267563	79971	99349841
isa_BP3D_4.0_obj_99/FJ2630.obj	405261	124093	99429872
isa_BP3D_4.0_obj_99/FJ2631.obj	187038	56233	99554025
isa_BP3D_4.0_obj_99/FJ2632.obj	8543	3003	99610318
isa_BP3D_4.0_obj_99/FJ2633.obj	32810	10921	99613381
isa_BP3D_4.0_obj_99/FJ2634.obj	14842	5123	99624362
isa_BP3D_4.0_obj_99/FJ2635.obj	51353	16652	99629545
isa_BP3D_4.0_obj_99/FJ2636.obj	28744	9268	99646257
isa_BP3D_4.0_obj_99/FJ2637.obj	13104	4442	99655585
isa_BP3D_4.0_obj_99/FJ2638.obj	22808	7351	99660087
isa_BP3D_4.0_obj_99/FJ2639.obj	11513	3990	99667498
isa_BP3D_4.0_obj_99/FJ2640.obj	20309	6679	99671548
isa_BP3D_4.0_obj_99/FJ2641.obj	31770	10349	99678287
isa_BP3D_4.0_obj_99/FJ2642.obj	58861	19027	99688696
isa_BP3D_4.0_obj_99/FJ2643.obj	29632	9763	99707783
isa_BP3D_4.0_obj_99/FJ2644.obj	20055	6689	99717606
isa_BP3D_4.0_obj_99/FJ2645.obj	22289	7471	99724355
isa_BP3D_4.0_obj_99/FJ2646.obj	30477	10081	99731886
isa_BP3D_4.0_obj_99/FJ2647.obj	21395	7195	99742027
isa_BP3D_4.0_obj_99/FJ2648.obj	20026	6694	99749282
isa_BP3D_4.0_obj_99/FJ2649.obj	81031	25921	99756036
isa_BP3D_4.0_obj_99/FJ2650.obj	29816	9864	99782017
isa_BP3D_4.0_obj_99/FJ2651.obj	37854	12410	99791941
isa_BP3D_4.0_obj_99/FJ2652.obj	22767	7603	99804411
isa_BP3D_4.0_obj_99/FJ2653.obj	20958	6831	99812074
isa_BP3D_4.0_obj_99/FJ2654.obj	13776	4573	99818965
isa_BP3D_4.0_obj_99/FJ2655.obj	37441	12790	99823598
isa_BP3D_4.0_obj_99/FJ2656.obj	49555	16488	99836448
isa_BP3D_4.0_obj_99/FJ2657.obj	23487	7888	99852996
isa_BP3D_4.0_obj_99/FJ2658.obj	27702	9156	99860944
isa_BP3D_4.0_obj_99/FJ2659.obj	39435	12917	99870160
isa_BP3D_4.0_obj_99/FJ2660.obj	17269	5854	99883137
isa_BP3D_4.0_obj_99/FJ2661.obj	27932	9141	99889051
isa_BP3D_4.0_obj_99/FJ2662.obj	13865	4886	99898252
isa_BP3D_4.0_obj_99/FJ2663.obj	18152	6227	99903198
isa_BP3D_4.0_obj_99/FJ2664.obj	13768	4742	99909485
isa_BP3D_4.0_obj_99/FJ2665.obj	42950	14301	99914287
isa_BP3D_4.0_obj_99/FJ2667.obj	25908	8586	99928648
isa_BP3D_4.0_obj_99/FJ2668.obj	16400	5454	99937294
isa_BP3D_4.0_obj_99/FJ2670.obj	28943	9661	99942808
isa_BP3D_4.0_obj_99/FJ2671.obj	32032	10709	99952529
isa_BP3D_4.0_obj_99/FJ2672.obj	47950	15691	99963298
isa_BP3D_4.0_obj_99/FJ2673.obj	23827	7901	99979049
isa_BP3D_4.0_obj_99/FJ2674.obj	18806	6467	99987010
isa_BP3D_4.0_obj_99/FJ2675.obj	14381	4939	99993537
isa_BP3D_4.0_obj_99/FJ2676.obj	22233	7307	99998536
isa_BP3D_4.0_obj_99/FJ2677.obj	18719	6244	100005903
isa_BP3D_4.0_obj_99/FJ2678.obj	48606	16084	100012207
isa_BP3D_4.0_obj_99/FJ2679.obj	17887	5943	100028351
isa_BP3D_4.0_obj_99/FJ2680.obj	30280	9705	100034354
isa_BP3D_4.0_obj_99/FJ2681.obj	18149	5959	100044119
isa_BP3D_4.0_obj_99/FJ2682.obj	31726	9935	100050138
isa_BP3D_4.0_obj_99/FJ2683.obj	15254	4970	100060133
isa_BP3D_4.0_obj_99/FJ2684.obj	18740	6352	100065163
isa_BP3D_4.0_obj_99/FJ2685.obj	16675	5648	100071575
isa_BP3D_4.0_obj_99/FJ2686.obj	20789	6867	100077283
isa_BP3D_4.0_obj_99/FJ2687.obj	46727	14983	100084210
isa_BP3D_4.0_obj_99/FJ2688.obj	27249	8634	100099253
isa_BP3D_4.0_obj_99/FJ2689.obj	17693	5987	100107947
isa_BP3D_4.0_obj_99/FJ2690.obj	23876	7979	100113994
isa_BP3D_4.0_obj_99/FJ2691.obj	11750	4043	100122033
isa_BP3D_4.0_obj_99/FJ2692.obj	62836	20271	100126136
isa_BP3D_4.0_obj_99/FJ2693.obj	50460	16446	100146467
isa_BP3D_4.0_obj_99/FJ2694.obj	30018	9679	100162973
isa_BP3D_4.0_obj_99/FJ2695.obj	15952	5397	100172712
isa_BP3D_4.0_obj_99/FJ2696.obj	26375	8593	100178169
isa_BP3D_4.0_obj_99/FJ2697.obj	17355	5696	100186822
isa_BP3D_4.0_obj_99/FJ2698.obj	17208	5642	100192578
isa_BP3D_4.0_obj_99/FJ2699.obj	11081	3750	100198280
isa_BP3D_4.0_obj_99/FJ2700.obj	19411	6453	100202090
isa_BP3D_4.0_obj_99/FJ2701.obj	53322	17502	100208603
isa_BP3D_4.0_obj_99/FJ2702.obj	20720	6769	100226165
isa_BP3D_4.0_obj_99/FJ2703.obj	60019	19536	100232994
isa_BP3D_4.0_obj_99/FJ2704.obj	19375	6514	100252590
isa_BP3D_4.0_obj_99/FJ2705.obj	17523	6033	100259164
isa_BP3D_4.0_obj_99/FJ2706.obj	30064	9647	100265257
isa_BP3D_4.0_obj_99/FJ2707.obj	36729	11877	100274964
isa_BP3D_4.0_obj_99/FJ2708.obj	35570	11095	100286901
isa_BP3D_4.0_obj_99/FJ2709.obj	34165	11037	100298056
isa_BP3D_4.0_obj_99/FJ2710.obj	16579	5637	100309153
isa_BP3D_4.0_obj_99/FJ2711.obj	15394	5060	100314850
isa_BP3D_4.0_obj_99/FJ2712.obj	10607	3623	100319970
isa_BP3D_4.0_obj_99/FJ2713.obj	27313	8722	100323653
isa_BP3D_4.0_obj_99/FJ2714.obj	51286	16820	100332435
isa_BP3D_4.0_obj_99/FJ2715.obj	17086	5779	100349315
isa_BP3D_4.0_obj_99/FJ2716.obj	17573	5958	100355154
isa_BP3D_4.0_obj_99/FJ2717.obj	24857	8230	100361172
isa_BP3D_4.0_obj_99/FJ2718.obj	13359	4678	100369462
isa_BP3D_4.0_obj_99/FJ2719.obj	28572	9226	100374200
isa_BP3D_4.0_obj_99/FJ2720.obj	22827	7534	100383486
isa_BP3D_4.0_obj_99/FJ2721.obj	18826	6294	100391080
isa_BP3D_4.0_obj_99/FJ2722.obj	23583	7768	100397434
isa_BP3D_4.0_obj_99/FJ2723.obj	281611	82753	100405262
isa_BP3D_4.0_obj_99/FJ2724.obj	33909	11271	100488075
isa_BP3D_4.0_obj_99/FJ2725.obj	29808	9893	100499406
isa_BP3D_4.0_obj_99/FJ2727.obj	65355	20818	100509359
isa_BP3D_4.0_obj_99/FJ2728.obj	19145	6439	100530237
isa_BP3D_4.0_obj_99/FJ2729.obj	15250	5216	100536736
isa_BP3D_4.0_obj_99/FJ2730.obj	18960	6417	100542012
isa_BP3D_4.0_obj_99/FJ2731.obj	52845	17175	100548489
isa_BP3D_4.0_obj_99/FJ2732.obj	38986	12387	100565724
isa_BP3D_4.0_obj_99/FJ2733.obj	26427	8660	100578171
isa_BP3D_4.0_obj_99/FJ2734.obj	24541	8125	100586891
isa_BP3D_4.0_obj_99/FJ2735.obj	26268	8575	100595076
isa_BP3D_4.0_obj_99/FJ2736.obj	25961	8480	100603711
isa_BP3D_4.0_obj_99/FJ2737.obj	12641	4523	100612251
isa_BP3D_4.0_obj_99/FJ2738.obj	560586	166915	100616834
isa_BP3D_4.0_obj_99/FJ2739.obj	191687	59001	100783809
isa_BP3D_4.0_obj_99/FJ2740.obj	517948	157558	100842870
isa_BP3D_4.0_obj_99/FJ2741.obj	828321	241323	101000488
isa_BP3D_4.0_obj_99/FJ2742.obj	406874	123868	101241871
isa_BP3D_4.0_obj_99/FJ2743.obj	2823330	765897	101365799
isa_BP3D_4.0_obj_99/FJ2744.obj	130451	39859	102131756
isa_BP3D_4.0_obj_99/FJ2745.obj	600633	171274	102171675
isa_BP3D_4.0_obj_99/FJ2746.obj	221214	67368	102343009
isa_BP3D_4.0_obj_99/FJ2747.obj	750899	225014	102410437
isa_BP3D_4.0_obj_99/FJ2748.obj	922698	268778	102635511
isa_BP3D_4.0_obj_99/FJ2749.obj	1210966	349168	102904349
isa_BP3D_4.0_obj_99/FJ2750.obj	515381	151847	103253577
isa_BP3D_4.0_obj_99/FJ2751.obj	189531	57785	103405484
isa_BP3D_4.0_obj_99/FJ2752.obj	518366	155606	103463329
isa_BP3D_4.0_obj_99/FJ2753.obj	835932	241568	103618995
isa_BP3D_4.0_obj_99/FJ2754.obj	406587	121917	103860623
isa_BP3D_4.0_obj_99/FJ2755.obj	2838412	765456	103982600
isa_BP3D_4.0_obj_99/FJ2756.obj	129932	39437	104748116
isa_BP3D_4.0_obj_99/FJ2757.obj	605640	171003	104787613
isa_BP3D_4.0_obj_99/FJ2758.obj	1743179	483498	104958676
isa_BP3D_4.0_obj_99/FJ2759.obj	754081	224119	105442234
isa_BP3D_4.0_obj_99/FJ2760.obj	927859	266691	105666413
isa_BP3D_4.0_obj_99/FJ2761.obj	31466	10864	105933164
isa_BP3D_4.0_obj_99/FJ2762.obj	101559	31887	105944088
isa_BP3D_4.0_obj_99/FJ2763.obj	400624	118532	105976035
isa_BP3D_4.0_obj_99/FJ2764.obj	403354	117637	106094627
isa_BP3D_4.0_obj_99/FJ2765.obj	14692	5241	106212324
isa_BP3D_4.0_obj_99/FJ2766.obj	13403	4896	106217625
isa_BP3D_4.0_obj_99/FJ2767.obj	15235	5350	106222581
isa_BP3D_4.0_obj_99/FJ2768.obj	13489	4867	106227991
isa_BP3D_4.0_obj_99/FJ2769.obj	105507	33857	106232918
isa_BP3D_4.0_obj_99/FJ2770.obj	294822	89665	106266835
isa_BP3D_4.0_obj_99/FJ2771.obj	166172	49118	106356560
isa_BP3D_4.0_obj_99/FJ2772.obj	75562	24570	106405738
isa_BP3D_4.0_obj_99/FJ2773.obj	10043	3664	106430368
isa_BP3D_4.0_obj_99/FJ2774.obj	482718	132838	106434092
isa_BP3D_4.0_obj_99/FJ2775.obj	32035	10905	106566990
isa_BP3D_4.0_obj_99/FJ2776.obj	10329	3695	106577955
isa_BP3D_4.0_obj_99/FJ2777.obj	309120	91960	106581710
isa_BP3D_4.0_obj_99/FJ2778.obj	417703	123044	106673730
isa_BP3D_4.0_obj_99/FJ2779.obj	61122	19633	106796834
isa_BP3D_4.0_obj_99/FJ2780.obj	467428	138404	106816527
isa_BP3D_4.0_obj_99/FJ2781.obj	396827	119177	106954991
isa_BP3D_4.0_obj_99/FJ2782.obj	314508	93168	107074228
isa_BP3D_4.0_obj_99/FJ2783.obj	244094	73640	107167456
isa_BP3D_4.0_obj_99/FJ2784.obj	416547	123991	107241156
isa_BP3D_4.0_obj_99/FJ2785.obj	669573	196713	107365207
isa_BP3D_4.0_obj_99/FJ2786.obj	330865	96000	107561980
isa_BP3D_4.0_obj_99/FJ2787.obj	199736	55229	107658040
isa_BP3D_4.0_obj_99/FJ2788.obj	73831	23149	107713329
isa_BP3D_4.0_obj_99/FJ2789.obj	165931	48145	107736538
isa_BP3D_4.0_obj_99/FJ2790.obj	199496	59688	107784743
isa_BP3D_4.0_obj_99/FJ2791.obj	431727	120403	107844491
isa_BP3D_4.0_obj_99/FJ2792.obj	32331	10885	107964954
isa_BP3D_4.0_obj_99/FJ2793.obj	11181	3962	107975899
isa_BP3D_4.0_obj_99/FJ2794.obj	391940	110827	107979921
isa_BP3D_4.0_obj_99/FJ2795.obj	9855	3575	108090808
isa_BP3D_4.0_obj_99/FJ2796.obj	418817	120634	108094443
isa_BP3D_4.0_obj_99/FJ2797.obj	61609	19619	108215137
isa_BP3D_4.0_obj_99/FJ2798.obj	451755	133119	108234816
isa_BP3D_4.0_obj_99/FJ2799.obj	391682	115890	108367995
isa_BP3D_4.0_obj_99/FJ2800.obj	312671	91659	108483945
isa_BP3D_4.0_obj_99/FJ2801.obj	238033	71810	108575664
isa_BP3D_4.0_obj_99/FJ2802.obj	418916	123985	108647534
isa_BP3D_4.0_obj_99/FJ2803.obj	773134	224636	108771579
isa_BP3D_4.0_obj_99/FJ2804.obj	332143	96085	108996275
isa_BP3D_4.0_obj_99/FJ2805.obj	136764	40763	109092420
isa_BP3D_4.0_obj_99/FJ2806.obj	73039	22730	109133243
isa_BP3D_4.0_obj_99/FJ2807.obj	95861	27870	109156033
isa_BP3D_4.0_obj_99/FJ2808.obj	161651	50063	109183963
isa_BP3D_4.0_obj_99/FJ2809.obj	509099	154377	109234086
isa_BP3D_4.0_obj_99/FJ2810.obj	14465502	4130830	109388523
isa_BP3D_4.0_obj_99/FJ2811.obj	197642	61037	113519413
isa_BP3D_4.0_obj_99/FJ2812.obj	1293602	312505	113580510
isa_BP3D_4.0_obj_99/FJ2813.obj	1375392	404876	113893075
isa_BP3D_4.0_obj_99/FJ2814.obj	172082	42419	114298011
isa_BP3D_4.0_obj_99/FJ2815.obj	424213	112969	114340490
isa_BP3D_4.0_obj_99/FJ2816.obj	317277	92858	114453519
isa_BP3D_4.0_obj_99/FJ2817.obj	144859	45022	114546437
isa_BP3D_4.0_obj_99/FJ2818.obj	936395	266907	114591519
isa_BP3D_4.0_obj_99/FJ2819.obj	677762	194602	114858486
isa_BP3D_4.0_obj_99/FJ2820.obj	1296045	368458	115053148
isa_BP3D_4.0_obj_99/FJ2821.obj	793787	225949	115421666
isa_BP3D_4.0_obj_99/FJ2822.obj	1282103	354411	115647675
isa_BP3D_4.0_obj_99/FJ2823.obj	1284700	361420	116002146
isa_BP3D_4.0_obj_99/FJ2824.obj	1456320	407511	116363626
isa_BP3D_4.0_obj_99/FJ2881.obj	102857	33234	116771197
isa_BP3D_4.0_obj_99/FJ2882.obj	5931	2172	116804491
isa_BP3D_4.0_obj_99/FJ2883.obj	149374	46789	116806723
isa_BP3D_4.0_obj_99/FJ2884.obj	78353	25652	116853572
isa_BP3D_4.0_obj_99/FJ2885.obj	29488	10007	116879284
isa_BP3D_4.0_obj_99/FJ2886.obj	9840	3595	116889351
isa_BP3D_4.0_obj_99/FJ2887.obj	8240	3026	116893006
isa_BP3D_4.0_obj_99/FJ2888.obj	36499	12491	116896092
isa_BP3D_4.0_obj_99/FJ2889.obj	7869	2845	116908643
isa_BP3D_4.0_obj_99/FJ2890.obj	8668	3256	116911548
isa_BP3D_4.0_obj_99/FJ2891.obj	25038	8682	116914864
isa_BP3D_4.0_obj_99/FJ2892.obj	11006	3985	116923606
isa_BP3D_4.0_obj_99/FJ2893.obj	8673	3251	116927651
isa_BP3D_4.0_obj_99/FJ2894.obj	26009	9006	116930962
isa_BP3D_4.0_obj_99/FJ2895.obj	9411	3513	116940028
isa_BP3D_4.0_obj_99/FJ2896.obj	128318	40587	116943601
isa_BP3D_4.0_obj_99/FJ2897.obj	31980	10640	116984248
isa_BP3D_4.0_obj_99/FJ2898.obj	67575	22367	116994948
isa_BP3D_4.0_obj_99/FJ2899.obj	7526	2687	117017375
isa_BP3D_4.0_obj_99/FJ2900.obj	13488	4881	117020122
isa_BP3D_4.0_obj_99/FJ2901.obj	11522	4223	117025063
isa_BP3D_4.0_obj_99/FJ2902.obj	43606	14646	117029346
isa_BP3D_4.0_obj_99/FJ2903.obj	38756	13222	117044052
isa_BP3D_4.0_obj_99/FJ2904.obj	13209	4713	117057334
isa_BP3D_4.0_obj_99/FJ2905.obj	16339	5631	117062107
isa_BP3D_4.0_obj_99/FJ2906.obj	61308	20336	117067798
isa_BP3D_4.0_obj_99/FJ2907.obj	11975	4259	117088194
isa_BP3D_4.0_obj_99/FJ2908.obj	48511	16188	117092513
isa_BP3D_4.0_obj_99/FJ2909.obj	9378	3375	117108761
isa_BP3D_4.0_obj_99/FJ2910.obj	14425	5095	117112196
isa_BP3D_4.0_obj_99/FJ2911.obj	19735	7044	117117351
isa_BP3D_4.0_obj_99/FJ2912.obj	11138	4025	117124455
isa_BP3D_4.0_obj_99/FJ2913.obj	12699	4620	117128540
isa_BP3D_4.0_obj_99/FJ2914.obj	7393	2807	117133220
isa_BP3D_4.0_obj_99/FJ2915.obj	24791	8804	117136087
isa_BP3D_4.0_obj_99/FJ2916.obj	11886	4373	117144951
isa_BP3D_4.0_obj_99/FJ2917.obj	13197	4718	117149384
isa_BP3D_4.0_obj_99/FJ2918.obj	12354	4499	117154162
isa_BP3D_4.0_obj_99/FJ2919.obj	35553	12142	117158721
isa_BP3D_4.0_obj_99/FJ2920.obj	16898	6027	117170923
isa_BP3D_4.0_obj_99/FJ2921.obj	100625	32369	117177010
isa_BP3D_4.0_obj_99/FJ2922.obj	42809	14300	117209439
isa_BP3D_4.0_obj_99/FJ2923.obj	15411	5480	117223799
isa_BP3D_4.0_obj_99/FJ2924.obj	342258	100681	117229339
isa_BP3D_4.0_obj_99/FJ2925.obj	23979	8436	117330080
isa_BP3D_4.0_obj_99/FJ2926.obj	15296	5491	117338576
isa_BP3D_4.0_obj_99/FJ2927.obj	19750	7057	117344127
isa_BP3D_4.0_obj_99/FJ2928.obj	22002	7590	117351244
isa_BP3D_4.0_obj_99/FJ2929.obj	9860	3644	117358894
isa_BP3D_4.0_obj_99/FJ2930.obj	27309	9401	117362598
isa_BP3D_4.0_obj_99/FJ2931.obj	15418	5496	117372059
isa_BP3D_4.0_obj_99/FJ2932.obj	8780	3198	117377615
isa_BP3D_4.0_obj_99/FJ2933.obj	27459	9544	117380873
isa_BP3D_4.0_obj_99/FJ2934.obj	17146	6108	117390477
isa_BP3D_4.0_obj_99/FJ2935.obj	10602	3856	117396645
isa_BP3D_4.0_obj_99/FJ2936.obj	26124	9151	117400561
isa_BP3D_4.0_obj_99/FJ2937.obj	24521	8534	117409772
isa_BP3D_4.0_obj_99/FJ2938.obj	12314	4452	117418366
isa_BP3D_4.0_obj_99/FJ2939.obj	32251	11044	117422878
isa_BP3D_4.0_obj_99/FJ2940.obj	8603	3078	117433982
isa_BP3D_4.0_obj_99/FJ2941.obj	11327	4162	117437120
isa_BP3D_4.0_obj_99/FJ2942.obj	10730	3909	117441342
isa_BP3D_4.0_obj_99/FJ2943.obj	11171	4116	117445311
isa_BP3D_4.0_obj_99/FJ2944.obj	17821	6381	117449487
isa_BP3D_4.0_obj_99/FJ2945.obj	22975	7943	117455928
isa_BP3D_4.0_obj_99/FJ2946.obj	12293	4507	117463931
isa_BP3D_4.0_obj_99/FJ2947.obj	9985	3720	117468498
isa_BP3D_4.0_obj_99/FJ2948.obj	7922	2959	117472278
isa_BP3D_4.0_obj_99/FJ2949.obj	12145	4467	117475297
isa_BP3D_4.0_obj_99/FJ2950.obj	18779	6698	117479824
isa_BP3D_4.0_obj_99/FJ2951.obj	40355	13734	117486582
isa_BP3D_4.0_obj_99/FJ2952.obj	8807	3288	117500376
isa_BP3D_4.0_obj_99/FJ2953.obj	11245	4119	117503724
isa_BP3D_4.0_obj_99/FJ2954.obj	8564	3114	117507903
isa_BP3D_4.0_obj_99/FJ2955.obj	32317	11186	117511077
isa_BP3D_4.0_obj_99/FJ2956.obj	35280	12020	117522323
isa_BP3D_4.0_obj_99/FJ2957.obj	9286	3346	117534403
isa_BP3D_4.0_obj_99/FJ2958.obj	19701	6895	117537809
isa_BP3D_4.0_obj_99/FJ2959.obj	30547	10449	117544764
isa_BP3D_4.0_obj_99/FJ2960.obj	10359	3876	117555273
isa_BP3D_4.0_obj_99/FJ2961.obj	11093	4116	117559209
isa_BP3D_4.0_obj_99/FJ2962.obj	12262	4422	117563385
isa_BP3D_4.0_obj_99/FJ2963.obj	7749	2914	117567867
isa_BP3D_4.0_obj_99/FJ2964.obj	10827	3963	117570841
isa_BP3D_4.0_obj_99/FJ2965.obj	9818	3584	117574864
isa_BP3D_4.0_obj_99/FJ2966.obj	89640	28281	117578508
isa_BP3D_4.0_obj_99/FJ2967.obj	24188	8333	117606849
isa_BP3D_4.0_obj_99/FJ2968.obj	8012	2914	117615242
isa_BP3D_4.0_obj_99/FJ2969.obj	9401	3401	117618216
isa_BP3D_4.0_obj_99/FJ2970.obj	45411	15194	117621677
isa_BP3D_4.0_obj_99/FJ2971.obj	11086	3909	117636931
isa_BP3D_4.0_obj_99/FJ2972.obj	16606	5673	117640900
isa_BP3D_4.0_obj_99/FJ2973.obj	33451	11193	117646633
isa_BP3D_4.0_obj_99/FJ2974.obj	18322	6483	117657886
isa_BP3D_4.0_obj_99/FJ2975.obj	16335	5845	117664429
isa_BP3D_4.0_obj_99/FJ2976.obj	8416	3014	117670334
isa_BP3D_4.0_obj_99/FJ2977.obj	12400	4446	117673408
isa_BP3D_4.0_obj_99/FJ2978.obj	16970	5979	117677914
isa_BP3D_4.0_obj_99/FJ2979.obj	10207	3675	117683953
isa_BP3D_4.0_obj_99/FJ2980.obj	9801	3569	117687688
isa_BP3D_4.0_obj_99/FJ2981.obj	27725	9260	117691317
isa_BP3D_4.0_obj_99/FJ2982.obj	31718	10644	117700637
isa_BP3D_4.0_obj_99/FJ2983.obj	15348	5372	117711341
isa_BP3D_4.0_obj_99/FJ2984.obj	6287	2342	117716773
isa_BP3D_4.0_obj_99/FJ2985.obj	7442	2687	117719175
isa_BP3D_4.0_obj_99/FJ2986.obj	6879	2532	117721922
isa_BP3D_4.0_obj_99/FJ2987.obj	8468	3140	117724514
isa_BP3D_4.0_obj_99/FJ2988.obj	12750	4594	117727714
isa_BP3D_4.0_obj_99/FJ2989.obj	39953	13078	117732368
isa_BP3D_4.0_obj_99/FJ2990.obj	36070	12334	117745506
isa_BP3D_4.0_obj_99/FJ2991.obj	39726	13389	117757900
isa_BP3D_4.0_obj_99/FJ2992.obj	13384	4739	117771349
isa_BP3D_4.0_obj_99/FJ2993.obj	5561	2069	117776148
isa_BP3D_4.0_obj_99/FJ2994.obj	16619	5926	117778277
isa_BP3D_4.0_obj_99/FJ2995.obj	38526	12763	117784263
isa_BP3D_4.0_obj_99/FJ2996.obj	20261	6877	117797086
isa_BP3D_4.0_obj_99/FJ2997.obj	18949	6679	117804023
isa_BP3D_4.0_obj_99/FJ2998.obj	17438	5963	117810762
isa_BP3D_4.0_obj_99/FJ2999.obj	55407	17862	117816785
isa_BP3D_4.0_obj_99/FJ3000.obj	13628	4835	117834707
isa_BP3D_4.0_obj_99/FJ3001.obj	26146	9117	117839602
isa_BP3D_4.0_obj_99/FJ3002.obj	10543	3881	117848779
isa_BP3D_4.0_obj_99/FJ3003.obj	22805	7456	117852720
isa_BP3D_4.0_obj_99/FJ3004.obj	11782	4220	117860236
isa_BP3D_4.0_obj_99/FJ3005.obj	25991	9032	117864516
isa_BP3D_4.0_obj_99/FJ3006.obj	86384	27395	117873608
isa_BP3D_4.0_obj_99/FJ3007.obj	22038	7391	117901063
isa_BP3D_4.0_obj_99/FJ3008.obj	51246	17147	117908514
isa_BP3D_4.0_obj_99/FJ3009.obj	11407	4152	117925721
isa_BP3D_4.0_obj_99/FJ3010.obj	6701	2453	117929933
isa_BP3D_4.0_obj_99/FJ3011.obj	12628	4395	117932446
isa_BP3D_4.0_obj_99/FJ3012.obj	6529	2413	117936901
isa_BP3D_4.0_obj_99/FJ3013.obj	94538	30144	117939374
isa_BP3D_4.0_obj_99/FJ3014.obj	41129	13561	117969578
isa_BP3D_4.0_obj_99/FJ3015.obj	9241	3356	117983199
isa_BP3D_4.0_obj_99/FJ3016.obj	55972	17835	117986615
isa_BP3D_4.0_obj_99/FJ3017.obj	14693	5015	118004510
isa_BP3D_4.0_obj_99/FJ3018.obj	56302	18724	118009585
isa_BP3D_4.0_obj_99/FJ3019.obj	39748	13667	118028369
isa_BP3D_4.0_obj_99/FJ3020.obj	19237	6847	118042096
isa_BP3D_4.0_obj_99/FJ3021.obj	16396	5763	118049003
isa_BP3D_4.0_obj_99/FJ3022.obj	14699	5222	118054826
isa_BP3D_4.0_obj_99/FJ3023.obj	11106	4120	118060108
isa_BP3D_4.0_obj_99/FJ3024.obj	7789	2901	118064288
isa_BP3D_4.0_obj_99/FJ3025.obj	10432	3811	118067249
isa_BP3D_4.0_obj_99/FJ3026.obj	11375	4192	118071120
isa_BP3D_4.0_obj_99/FJ3027.obj	18548	6450	118075372
isa_BP3D_4.0_obj_99/FJ3028.obj	12083	4368	118081882
isa_BP3D_4.0_obj_99/FJ3029.obj	8692	3171	118086310
isa_BP3D_4.0_obj_99/FJ3030.obj	31963	10898	118089541
isa_BP3D_4.0_obj_99/FJ3031.obj	15658	5529	118100499
isa_BP3D_4.0_obj_99/FJ3032.obj	29293	10117	118106088
isa_BP3D_4.0_obj_99/FJ3033.obj	7591	2852	118116265
isa_BP3D_4.0_obj_99/FJ3034.obj	22772	7931	118119177
isa_BP3D_4.0_obj_99/FJ3035.obj	13145	4650	118127168
isa_BP3D_4.0_obj_99/FJ3036.obj	18162	6405	118131878
isa_BP3D_4.0_obj_99/FJ3037.obj	24417	8426	118138343
isa_BP3D_4.0_obj_99/FJ3038.obj	15109	5258	118146829
isa_BP3D_4.0_obj_99/FJ3039.obj	13461	4805	118152147
isa_BP3D_4.0_obj_99/FJ3040.obj	12047	4474	118157012
isa_BP3D_4.0_obj_99/FJ3041.obj	34498	11819	118161546
isa_BP3D_4.0_obj_99/FJ3042.obj	13210	4659	118173425
isa_BP3D_4.0_obj_99/FJ3043.obj	16612	5869	118178144
isa_BP3D_4.0_obj_99/FJ3044.obj	9436	3508	118184073
isa_BP3D_4.0_obj_99/FJ3045.obj	13216	4722	118187641
isa_BP3D_4.0_obj_99/FJ3046.obj	12104	4370	118192423
isa_BP3D_4.0_obj_99/FJ3047.obj	14012	5018	118196853
isa_BP3D_4.0_obj_99/FJ3048.obj	10649	3929	118201931
isa_BP3D_4.0_obj_99/FJ3049.obj	19212	6806	118205920
isa_BP3D_4.0_obj_99/FJ3050.obj	32742	11185	118212786
isa_BP3D_4.0_obj_99/FJ3051.obj	21752	7603	118224031
isa_BP3D_4.0_obj_99/FJ3052.obj	7085	2635	118231694
isa_BP3D_4.0_obj_99/FJ3053.obj	11017	3921	118234389
isa_BP3D_4.0_obj_99/FJ3054.obj	14229	5020	118238370
isa_BP3D_4.0_obj_99/FJ3055.obj	6824	2484	118243450
isa_BP3D_4.0_obj_99/FJ3056.obj	15391	5522	118245994
isa_BP3D_4.0_obj_99/FJ3057.obj	8851	3203	118251576
isa_BP3D_4.0_obj_99/FJ3058.obj	10680	3942	118254839
isa_BP3D_4.0_obj_99/FJ3059.obj	25861	8908	118258841
isa_BP3D_4.0_obj_99/FJ3060.obj	13230	4822	118267809
isa_BP3D_4.0_obj_99/FJ3061.obj	9261	3402	118272691
isa_BP3D_4.0_obj_99/FJ3062.obj	13101	4709	118276153
isa_BP3D_4.0_obj_99/FJ3063.obj	9518	3500	118280922
isa_BP3D_4.0_obj_99/FJ3064.obj	14204	5033	118284482
isa_BP3D_4.0_obj_99/FJ3065.obj	9721	3607	118289575
isa_BP3D_4.0_obj_99/FJ3066.obj	9815	3576	118293242
isa_BP3D_4.0_obj_99/FJ3067.obj	11914	4303	118296878
isa_BP3D_4.0_obj_99/FJ3068.obj	7801	2850	118301241
isa_BP3D_4.0_obj_99/FJ3069.obj	21040	7347	118304151
isa_BP3D_4.0_obj_99/FJ3070.obj	14174	5124	118311558
isa_BP3D_4.0_obj_99/FJ3071.obj	43607	14289	118316742
isa_BP3D_4.0_obj_99/FJ3072.obj	126892	39107	118331091
isa_BP3D_4.0_obj_99/FJ3073.obj	46494	15353	118370258
isa_BP3D_4.0_obj_99/FJ3074.obj	183734	56152	118385671
isa_BP3D_4.0_obj_99/FJ3075.obj	124239	38480	118441883
isa_BP3D_4.0_obj_99/FJ3076.obj	53421	17388	118480423
isa_BP3D_4.0_obj_99/FJ3077.obj	27267	9315	118497871
isa_BP3D_4.0_obj_99/FJ3078.obj	20651	7156	118507246
isa_BP3D_4.0_obj_99/FJ3079.obj	80800	26133	118514462
isa_BP3D_4.0_obj_99/FJ3080.obj	17016	5876	118540655
isa_BP3D_4.0_obj_99/FJ3081.obj	20836	7159	118546591
isa_BP3D_4.0_obj_99/FJ3082.obj	222442	65493	118553810
isa_BP3D_4.0_obj_99/FJ3083.obj	171755	53062	118619363
isa_BP3D_4.0_obj_99/FJ3084.obj	185821	55861	118672485
isa_BP3D_4.0_obj_99/FJ3085.obj	34245	11310	118728406
isa_BP3D_4.0_obj_99/FJ3086.obj	58822	18865	118739776
isa_BP3D_4.0_obj_99/FJ3088.obj	38988	13074	118758701
isa_BP3D_4.0_obj_99/FJ3089.obj	45141	14794	118771835
isa_BP3D_4.0_obj_99/FJ3090.obj	52971	17430	118786689
isa_BP3D_4.0_obj_99/FJ3091.obj	37203	12525	118804179
isa_BP3D_4.0_obj_99/FJ3092.obj	39204	13024	118816764
isa_BP3D_4.0_obj_99/FJ3093.obj	46113	15249	118829848
isa_BP3D_4.0_obj_99/FJ3094.obj	29243	9852	118845157
isa_BP3D_4.0_obj_99/FJ3095.obj	78499	25087	118855069
isa_BP3D_4.0_obj_99/FJ3096.obj	49991	16337	118880216
isa_BP3D_4.0_obj_99/FJ3097.obj	43618	14664	118896613
isa_BP3D_4.0_obj_99/FJ3098.obj	40185	13242	118911337
isa_BP3D_4.0_obj_99/FJ3099.obj	29970	9967	118924639
isa_BP3D_4.0_obj_99/FJ3100.obj	21453	7219	118934666
isa_BP3D_4.0_obj_99/FJ3101.obj	51230	16994	118941945
isa_BP3D_4.0_obj_99/FJ3102.obj	42870	14267	118958999
isa_BP3D_4.0_obj_99/FJ3103.obj	45773	15260	118973326
isa_BP3D_4.0_obj_99/FJ3104.obj	37050	12146	118988646
isa_BP3D_4.0_obj_99/FJ3105.obj	36411	11729	119000852
isa_BP3D_4.0_obj_99/FJ3106.obj	47184	15728	119012641
isa_BP3D_4.0_obj_99/FJ3107.obj	47334	15174	119028429
isa_BP3D_4.0_obj_99/FJ3108.obj	55397	18112	119043663
isa_BP3D_4.0_obj_99/FJ3109.obj	42484	13982	119061835
isa_BP3D_4.0_obj_99/FJ3110.obj	88647	28171	119075877
isa_BP3D_4.0_obj_99/FJ3111.obj	131494	40276	119104108
isa_BP3D_4.0_obj_99/FJ3112.obj	65241	21275	119144444
isa_BP3D_4.0_obj_99/FJ3113.obj	112043	35520	119165779
isa_BP3D_4.0_obj_99/FJ3114.obj	50942	16809	119201359
isa_BP3D_4.0_obj_99/FJ3115.obj	109701	34506	119218228
isa_BP3D_4.0_obj_99/FJ3116.obj	61664	19784	119252794
isa_BP3D_4.0_obj_99/FJ3117.obj	25867	8602	119272638
isa_BP3D_4.0_obj_99/FJ3118.obj	84526	27789	119281300
isa_BP3D_4.0_obj_99/FJ3119.obj	122720	38479	119309149
isa_BP3D_4.0_obj_99/FJ3120.obj	84444	27398	119347688
isa_BP3D_4.0_obj_99/FJ3121.obj	232680	70147	119375146
isa_BP3D_4.0_obj_99/FJ3122.obj	11789	4266	119445353
isa_BP3D_4.0_obj_99/FJ3123.obj	12973	4584	119449679
isa_BP3D_4.0_obj_99/FJ3124.obj	33165	11043	119454323
isa_BP3D_4.0_obj_99/FJ3125.obj	137337	42416	119465426
isa_BP3D_4.0_obj_99/FJ3126.obj	143427	43991	119507902
isa_BP3D_4.0_obj_99/FJ3127.obj	73472	23557	119551953
isa_BP3D_4.0_obj_99/FJ3128.obj	98504	31373	119575570
isa_BP3D_4.0_obj_99/FJ3129.obj	247431	75078	119607003
isa_BP3D_4.0_obj_99/FJ3130.obj	137872	43204	119682141
isa_BP3D_4.0_obj_99/FJ3131.obj	4828611	1330252	119725405
isa_BP3D_4.0_obj_99/FJ3132.obj	86313	28440	121055717
isa_BP3D_4.0_obj_99/FJ3133.obj	34164	12087	121084217
isa_BP3D_4.0_obj_99/FJ3134.obj	96112	31030	121096364
isa_BP3D_4.0_obj_99/FJ3135.obj	83086	27234	121127454
isa_BP3D_4.0_obj_99/FJ3136.obj	17391	5923	121154748
isa_BP3D_4.0_obj_99/FJ3137.obj	24912	8768	121160731
isa_BP3D_4.0_obj_99/FJ3138.obj	11909	4514	121169559
isa_BP3D_4.0_obj_99/FJ3139.obj	25762	9176	121174133
isa_BP3D_4.0_obj_99/FJ3140.obj	74666	23945	121183369
isa_BP3D_4.0_obj_99/FJ3141.obj	9322	2908	121207374
isa_BP3D_4.0_obj_99/FJ3142.obj	12153	4558	121210342
isa_BP3D_4.0_obj_99/FJ3143.obj	24339	8551	121214960
isa_BP3D_4.0_obj_99/FJ3144.obj	127599	41151	121223571
isa_BP3D_4.0_obj_99/FJ3145.obj	182275	57793	121264782
isa_BP3D_4.0_obj_99/FJ3146.obj	125116	40073	121322635
isa_BP3D_4.0_obj_99/FJ3147.obj	139395	44827	121362768
isa_BP3D_4.0_obj_99/FJ3148.obj	34364	11366	121407655
isa_BP3D_4.0_obj_99/FJ3149.obj	13697	5197	121419081
isa_BP3D_4.0_obj_99/FJ3150.obj	66351	21990	121424338
isa_BP3D_4.0_obj_99/FJ3151.obj	65796	21784	121446388
isa_BP3D_4.0_obj_99/FJ3152.obj	149387	48887	121468232
isa_BP3D_4.0_obj_99/FJ3153.obj	56262	18531	121517179
isa_BP3D_4.0_obj_99/FJ3154.obj	181674	57596	121535770
isa_BP3D_4.0_obj_99/FJ3155.obj	178070	56679	121593426
isa_BP3D_4.0_obj_99/FJ3156.obj	181653	57883	121650165
isa_BP3D_4.0_obj_99/FJ3157.obj	193798	61454	121708108
isa_BP3D_4.0_obj_99/FJ3158.obj	114175	36902	121769622
isa_BP3D_4.0_obj_99/FJ3159.obj	214016	67301	121806584
isa_BP3D_4.0_obj_99/FJ3160.obj	126573	40576	121873945
isa_BP3D_4.0_obj_99/FJ3161.obj	139572	44235	121914581
isa_BP3D_4.0_obj_99/FJ3162.obj	214360	67901	121958876
isa_BP3D_4.0_obj_99/FJ3163.obj	130537	41853	122026837
isa_BP3D_4.0_obj_99/FJ3164.obj	161492	50829	122068750
isa_BP3D_4.0_obj_99/FJ3165.obj	229803	72944	122119639
isa_BP3D_4.0_obj_99/FJ3166.obj	133878	43044	122192643
isa_BP3D_4.0_obj_99/FJ3167.obj	158857	49921	122235747
isa_BP3D_4.0_obj_99/FJ3168.obj	252134	79215	122285728
isa_BP3D_4.0_obj_99/FJ3169.obj	147914	47120	122365003
isa_BP3D_4.0_obj_99/FJ3170.obj	162032	51039	122412183
isa_BP3D_4.0_obj_99/FJ3171.obj	149091	47677	122463282
isa_BP3D_4.0_obj_99/FJ3172.obj	133359	42229	122511019
isa_BP3D_4.0_obj_99/FJ3173.obj	167615	53419	122553308
isa_BP3D_4.0_obj_99/FJ3174.obj	157442	50344	122606787
isa_BP3D_4.0_obj_99/FJ3175.obj	166118	53104	122657191
isa_BP3D_4.0_obj_99/FJ3176.obj	148677	46959	122710355
isa_BP3D_4.0_obj_99/FJ3177.obj	161899	51096	122757374
isa_BP3D_4.0_obj_99/FJ3178.obj	374292	113628	122808530
isa_BP3D_4.0_obj_99/FJ3179.obj	16797	5863	122922218
isa_BP3D_4.0_obj_99/FJ3180.obj	20679	7170	122928141
isa_BP3D_4.0_obj_99/FJ3181.obj	15002	5312	122935371
isa_BP3D_4.0_obj_99/FJ3182.obj	26065	8926	122940743
isa_BP3D_4.0_obj_99/FJ3183.obj	21250	7327	122949729
isa_BP3D_4.0_obj_99/FJ3184.obj	14522	5037	122957116
isa_BP3D_4.0_obj_99/FJ3185.obj	15693	5397	122962213
isa_BP3D_4.0_obj_99/FJ3186.obj	17608	6169	122967670
isa_BP3D_4.0_obj_99/FJ3187.obj	13637	4838	122973899
isa_BP3D_4.0_obj_99/FJ3188.obj	18734	6464	122978797
isa_BP3D_4.0_obj_99/FJ3189.obj	15966	5452	122985321
isa_BP3D_4.0_obj_99/FJ3190.obj	17108	5945	122990833
isa_BP3D_4.0_obj_99/FJ3191.obj	15459	5459	122996838
isa_BP3D_4.0_obj_99/FJ3192.obj	30067	10144	123002357
isa_BP3D_4.0_obj_99/FJ3193.obj	17148	5821	123012561
isa_BP3D_4.0_obj_99/FJ3194.obj	13601	4756	123018442
isa_BP3D_4.0_obj_99/FJ3195.obj	16659	5448	123023258
isa_BP3D_4.0_obj_99/FJ3196.obj	13452	4730	123028766
isa_BP3D_4.0_obj_99/FJ3197.obj	10108	3509	123033556
isa_BP3D_4.0_obj_99/FJ3198.obj	17971	6148	123037125
isa_BP3D_4.0_obj_99/FJ3199.obj	1542628	437498	123043333
isa_BP3D_4.0_obj_99/FJ3200.obj	1005988	295557	123480891
isa_BP3D_4.0_obj_99/FJ3201.obj	75562	24570	123776508
isa_BP3D_4.0_obj_99/FJ3202.obj	235451	71830	123801138
isa_BP3D_4.0_obj_99/FJ3203.obj	115260	35981	123873028
isa_BP3D_4.0_obj_99/FJ3204.obj	142632	43670	123909069
isa_BP3D_4.0_obj_99/FJ3205.obj	205748	61518	123952799
isa_BP3D_4.0_obj_99/FJ3206.obj	207988	62377	124014377
isa_BP3D_4.0_obj_99/FJ3207.obj	266226	80177	124076814
isa_BP3D_4.0_obj_99/FJ3208.obj	265177	80017	124157051
isa_BP3D_4.0_obj_99/FJ3209.obj	276494	84632	124237128
isa_BP3D_4.0_obj_99/FJ3210.obj	308298	93240	124321820
isa_BP3D_4.0_obj_99/FJ3211.obj	358663	105755	124415120
isa_BP3D_4.0_obj_99/FJ3212.obj	344934	101621	124520935
isa_BP3D_4.0_obj_99/FJ3213.obj	58729	19034	124622616
isa_BP3D_4.0_obj_99/FJ3214.obj	320154	95835	124641710
isa_BP3D_4.0_obj_99/FJ3215.obj	359674	106931	124737605
isa_BP3D_4.0_obj_99/FJ3216.obj	331138	100610	124844596
isa_BP3D_4.0_obj_99/FJ3217.obj	266806	82446	124945266
isa_BP3D_4.0_obj_99/FJ3218.obj	67181	21816	125027772
isa_BP3D_4.0_obj_99/FJ3219.obj	68638	22544	125049648
isa_BP3D_4.0_obj_99/FJ3220.obj	78851	23945	125072252
isa_BP3D_4.0_obj_99/FJ3221.obj	88234	27376	125096257
isa_BP3D_4.0_obj_99/FJ3222.obj	98615	30610	125123693
isa_BP3D_4.0_obj_99/FJ3223.obj	114099	34618	125154363
isa_BP3D_4.0_obj_99/FJ3224.obj	133236	38740	125189041
isa_BP3D_4.0_obj_99/FJ3225.obj	432176	127833	125227841
isa_BP3D_4.0_obj_99/FJ3226.obj	304274	91483	125355734
isa_BP3D_4.0_obj_99/FJ3227.obj	170991	53707	125447277
isa_BP3D_4.0_obj_99/FJ3228.obj	200847	61772	125501044
isa_BP3D_4.0_obj_99/FJ3229.obj	355230	106205	125562876
isa_BP3D_4.0_obj_99/FJ3230.obj	460032	134695	125669141
isa_BP3D_4.0_obj_99/FJ3231.obj	564534	164274	125803896
isa_BP3D_4.0_obj_99/FJ3232.obj	622387	180877	125968230
isa_BP3D_4.0_obj_99/FJ3233.obj	657309	191159	126149167
isa_BP3D_4.0_obj_99/FJ3234.obj	642407	185928	126340386
isa_BP3D_4.0_obj_99/FJ3235.obj	532783	155501	126526374
isa_BP3D_4.0_obj_99/FJ3236.obj	481787	141409	126681935
isa_BP3D_4.0_obj_99/FJ3237.obj	69709	23404	126823404
isa_BP3D_4.0_obj_99/FJ3239.obj	42787	14131	126846868
isa_BP3D_4.0_obj_99/FJ3240.obj	34523	11615	126861059
isa_BP3D_4.0_obj_99/FJ3241.obj	70975	24033	126872734
isa_BP3D_4.0_obj_99/FJ3242.obj	36197	12130	126896827
isa_BP3D_4.0_obj_99/FJ3243.obj	47129	15694	126909017
isa_BP3D_4.0_obj_99/FJ3244.obj	51577	17178	126924771
isa_BP3D_4.0_obj_99/FJ3245.obj	36599	12339	126942009
isa_BP3D_4.0_obj_99/FJ3246.obj	43628	14534	126954408
isa_BP3D_4.0_obj_99/FJ3247.obj	47147	15917	126969002
isa_BP3D_4.0_obj_99/FJ3248.obj	40722	13619	126984979
isa_BP3D_4.0_obj_99/FJ3249.obj	33761	11427	126998658
isa_BP3D_4.0_obj_99/FJ3250.obj	48548	16280	127010145
isa_BP3D_4.0_obj_99/FJ3251.obj	66529	21821	127026485
isa_BP3D_4.0_obj_99/FJ3252.obj	30808	10604	127048366
isa_BP3D_4.0_obj_99/FJ3253.obj	51785	17478	127059030
isa_BP3D_4.0_obj_99/FJ3254.obj	91692	29539	127076568
isa_BP3D_4.0_obj_99/FJ3255.obj	150876	46944	127106167
isa_BP3D_4.0_obj_99/FJ3256.obj	80416	27556	127153171
isa_BP3D_4.0_obj_99/FJ3257.obj	25347	8598	127180787
isa_BP3D_4.0_obj_99/FJ3258.obj	55263	18880	127189445
isa_BP3D_4.0_obj_99/FJ3259.obj	197175	62873	127208385
isa_BP3D_4.0_obj_99/FJ3260.obj	67079	23085	127271318
isa_BP3D_4.0_obj_99/FJ3261.obj	29391	9908	127294463
isa_BP3D_4.0_obj_99/FJ3262.obj	247429	75816	127304431
isa_BP3D_4.0_obj_99/FJ3263.obj	49626	16573	127380307
isa_BP3D_4.0_obj_99/FJ3264.obj	31578	10823	127396940
isa_BP3D_4.0_obj_99/FJ3265.obj	39999	13270	127407823
isa_BP3D_4.0_obj_99/FJ3266.obj	7600	2858	127421153
isa_BP3D_4.0_obj_99/FJ3267.obj	43877	14866	127424071
isa_BP3D_4.0_obj_99/FJ3268.obj	19793	6866	127438997
isa_BP3D_4.0_obj_99/FJ3269.obj	384814	116980	127445923
isa_BP3D_4.0_obj_99/FJ3270.obj	9720	3654	127562963
isa_BP3D_4.0_obj_99/FJ3271.obj	63715	21399	127566677
isa_BP3D_4.0_obj_99/FJ3272.obj	28143	9522	127588136
isa_BP3D_4.0_obj_99/FJ3273.obj	126157	39909	127597718
isa_BP3D_4.0_obj_99/FJ3274.obj	956856	289048	127637687
isa_BP3D_4.0_obj_99/FJ3275.obj	19168	6910	127926795
isa_BP3D_4.0_obj_99/FJ3276.obj	12490	4506	127933765
isa_BP3D_4.0_obj_99/FJ3277.obj	39875	13674	127938331
isa_BP3D_4.0_obj_99/FJ3278.obj	19052	6620	127952065
isa_BP3D_4.0_obj_99/FJ3279.obj	1865738	523873	127958745
isa_BP3D_4.0_obj_99/FJ3280.obj	85959	28989	128482678
isa_BP3D_4.0_obj_99/FJ3281.obj	341129	103799	128511727
isa_BP3D_4.0_obj_99/FJ3282.obj	101389	34254	128615586
isa_BP3D_4.0_obj_99/FJ3283.obj	23451	8023	128649900
isa_BP3D_4.0_obj_99/FJ3284.obj	27726	9247	128657983
isa_BP3D_4.0_obj_99/FJ3285.obj	19111	6613	128667290
isa_BP3D_4.0_obj_99/FJ3286.obj	53061	17868	128673963
isa_BP3D_4.0_obj_99/FJ3287.obj	96708	30781	128691891
isa_BP3D_4.0_obj_99/FJ3288.obj	144965	47653	128722732
isa_BP3D_4.0_obj_99/FJ3289.obj	355295	105176	128770445
isa_BP3D_4.0_obj_99/FJ3290.obj	164755	51182	128875681
isa_BP3D_4.0_obj_99/FJ3291.obj	22300	7705	128926923
isa_BP3D_4.0_obj_99/FJ3292.obj	22023	7532	128934688
isa_BP3D_4.0_obj_99/FJ3293.obj	20887	7261	128942280
isa_BP3D_4.0_obj_99/FJ3294.obj	19296	6697	128949601
isa_BP3D_4.0_obj_99/FJ3295.obj	18898	6553	128956358
isa_BP3D_4.0_obj_99/FJ3296.obj	19633	6828	128962971
isa_BP3D_4.0_obj_99/FJ3297.obj	18370	6349	128969859
isa_BP3D_4.0_obj_99/FJ3298.obj	14800	5277	128976268
isa_BP3D_4.0_obj_99/FJ3299.obj	24416	8364	128981605
isa_BP3D_4.0_obj_99/FJ3300.obj	19079	6575	128990029
isa_BP3D_4.0_obj_99/FJ3301.obj	19742	6821	128996664
isa_BP3D_4.0_obj_99/FJ3302.obj	23226	7850	129003545
isa_BP3D_4.0_obj_99/FJ3303.obj	18663	6459	129011455
isa_BP3D_4.0_obj_99/FJ3304.obj	15915	5502	129017974
isa_BP3D_4.0_obj_99/FJ3305.obj	10016	3603	129023536
isa_BP3D_4.0_obj_99/FJ3306.obj	23303	7969	129027199
isa_BP3D_4.0_obj_99/FJ3307.obj	48953	16595	129035228
isa_BP3D_4.0_obj_99/FJ3308.obj	48252	16222	129051883
isa_BP3D_4.0_obj_99/FJ3309.obj	843673	252593	129068165
isa_BP3D_4.0_obj_99/FJ3310.obj	30988	10637	129320818
isa_BP3D_4.0_obj_99/FJ3311.obj	26453	9066	129331515
isa_BP3D_4.0_obj_99/FJ3312.obj	27741	9448	129340641
isa_BP3D_4.0_obj_99/FJ3313.obj	24151	8371	129350149
isa_BP3D_4.0_obj_99/FJ3314.obj	17248	6148	129358580
isa_BP3D_4.0_obj_99/FJ3315.obj	25033	8599	129364788
isa_BP3D_4.0_obj_99/FJ3316.obj	28623	9853	129373447
isa_BP3D_4.0_obj_99/FJ3317.obj	22679	7856	129383360
isa_BP3D_4.0_obj_99/FJ3318.obj	21619	7544	129391276
isa_BP3D_4.0_obj_99/FJ3319.obj	26105	8905	129398880
isa_BP3D_4.0_obj_99/FJ3320.obj	28697	9687	129407845
isa_BP3D_4.0_obj_99/FJ3321.obj	27850	9457	129417592
isa_BP3D_4.0_obj_99/FJ3322.obj	24435	8441	129427109
isa_BP3D_4.0_obj_99/FJ3323.obj	20010	6963	129435610
isa_BP3D_4.0_obj_99/FJ3324.obj	25996	8807	129442633
isa_BP3D_4.0_obj_99/FJ3325.obj	29291	9989	129451500
isa_BP3D_4.0_obj_99/FJ3326.obj	23130	7960	129461549
isa_BP3D_4.0_obj_99/FJ3327.obj	20711	7140	129469569
isa_BP3D_4.0_obj_99/FJ3328.obj	24728	8536	129476769
isa_BP3D_4.0_obj_99/FJ3329.obj	33793	11566	129485365
isa_BP3D_4.0_obj_99/FJ3330.obj	434806	128087	129496991
isa_BP3D_4.0_obj_99/FJ3331.obj	306720	91931	129625138
isa_BP3D_4.0_obj_99/FJ3332.obj	172391	53875	129717129
isa_BP3D_4.0_obj_99/FJ3333.obj	45596	14805	129771064
isa_BP3D_4.0_obj_99/FJ3334.obj	202343	61971	129785929
isa_BP3D_4.0_obj_99/FJ3335.obj	42015	13704	129847960
isa_BP3D_4.0_obj_99/FJ3336.obj	358347	106870	129861724
isa_BP3D_4.0_obj_99/FJ3337.obj	42124	13672	129968654
isa_BP3D_4.0_obj_99/FJ3338.obj	463525	135195	129982386
isa_BP3D_4.0_obj_99/FJ3339.obj	43625	14325	130117641
isa_BP3D_4.0_obj_99/FJ3340.obj	567435	164758	130132026
isa_BP3D_4.0_obj_99/FJ3341.obj	73174	23599	130296844
isa_BP3D_4.0_obj_99/FJ3342.obj	627173	181172	130320503
isa_BP3D_4.0_obj_99/FJ3343.obj	103502	32005	130501735
isa_BP3D_4.0_obj_99/FJ3344.obj	661844	192026	130533800
isa_BP3D_4.0_obj_99/FJ3345.obj	167564	51316	130725886
isa_BP3D_4.0_obj_99/FJ3346.obj	647429	186729	130777262
isa_BP3D_4.0_obj_99/FJ3347.obj	535781	155586	130964051
isa_BP3D_4.0_obj_99/FJ3348.obj	485199	141988	131119697
isa_BP3D_4.0_obj_99/FJ3349.obj	42701	14510	131261745
isa_BP3D_4.0_obj_99/FJ3350.obj	34551	11566	131276315
isa_BP3D_4.0_obj_99/FJ3351.obj	69311	23389	131287941
isa_BP3D_4.0_obj_99/FJ3352.obj	46637	15458	131311390
isa_BP3D_4.0_obj_99/FJ3353.obj	53148	17679	131326908
isa_BP3D_4.0_obj_99/FJ3354.obj	44438	14774	131344647
isa_BP3D_4.0_obj_99/FJ3355.obj	45924	15437	131359481
isa_BP3D_4.0_obj_99/FJ3356.obj	35725	11951	131374978
isa_BP3D_4.0_obj_99/FJ3357.obj	43587	14601	131386989
isa_BP3D_4.0_obj_99/FJ3358.obj	31190	10512	131401650
isa_BP3D_4.0_obj_99/FJ3359.obj	49445	16587	131412222
isa_BP3D_4.0_obj_99/FJ3360.obj	81782	27657	131428869
isa_BP3D_4.0_obj_99/FJ3361.obj	27465	9215	131456586
isa_BP3D_4.0_obj_99/FJ3362.obj	68321	22650	131465861
isa_BP3D_4.0_obj_99/FJ3364.obj	60077	20229	131488571
isa_BP3D_4.0_obj_99/FJ3365.obj	192114	61394	131508860
isa_BP3D_4.0_obj_99/FJ3366.obj	69197	23577	131570314
isa_BP3D_4.0_obj_99/FJ3367.obj	34994	11573	131593951
isa_BP3D_4.0_obj_99/FJ3368.obj	256564	76914	131605584
isa_BP3D_4.0_obj_99/FJ3369.obj	54832	17207	131682558
isa_BP3D_4.0_obj_99/FJ3370.obj	30366	10379	131699825
isa_BP3D_4.0_obj_99/FJ3371.obj	44177	14485	131710264
isa_BP3D_4.0_obj_99/FJ3372.obj	6873	2559	131724809
isa_BP3D_4.0_obj_99/FJ3373.obj	41983	14102	131727428
isa_BP3D_4.0_obj_99/FJ3374.obj	21068	7202	131741590
isa_BP3D_4.0_obj_99/FJ3375.obj	388578	117165	131748852
isa_BP3D_4.0_obj_99/FJ3376.obj	10645	3933	131866077
isa_BP3D_4.0_obj_99/FJ3377.obj	65003	21645	131870070
isa_BP3D_4.0_obj_99/FJ3378.obj	27681	9410	131891775
isa_BP3D_4.0_obj_99/FJ3379.obj	119249	37515	131901245
isa_BP3D_4.0_obj_99/FJ3380.obj	928866	279244	131938820
isa_BP3D_4.0_obj_99/FJ3381.obj	19205	6848	132218124
isa_BP3D_4.0_obj_99/FJ3382.obj	11689	4213	132225032
isa_BP3D_4.0_obj_99/FJ3383.obj	20596	7115	132229305
isa_BP3D_4.0_obj_99/FJ3384.obj	1743768	495983	132236480
isa_BP3D_4.0_obj_99/FJ3385.obj	89820	30023	132732523
isa_BP3D_4.0_obj_99/FJ3386.obj	349968	106895	132762606
isa_BP3D_4.0_obj_99/FJ3387.obj	100137	33710	132869561
isa_BP3D_4.0_obj_99/FJ3388.obj	28949	9669	132903331
isa_BP3D_4.0_obj_99/FJ3389.obj	26443	8841	132913060
isa_BP3D_4.0_obj_99/FJ3390.obj	13086	4554	132921961
isa_BP3D_4.0_obj_99/FJ3391.obj	54174	18306	132926575
isa_BP3D_4.0_obj_99/FJ3392.obj	101099	32145	132944941
isa_BP3D_4.0_obj_99/FJ3393.obj	654878	200574	132977146
isa_BP3D_4.0_obj_99/FJ3394.obj	573595	171815	133177780
isa_BP3D_4.0_obj_99/FJ3395.obj	465969	135024	133349655
isa_BP3D_4.0_obj_99/FJ3396.obj	4629919	1275775	133484739
isa_BP3D_4.0_obj_99/FJ3397.obj	89061	29165	134760574
isa_BP3D_4.0_obj_99/FJ3398.obj	123013	38850	134789799
isa_BP3D_4.0_obj_99/FJ3399.obj	33658	11327	134828709
isa_BP3D_4.0_obj_99/FJ3400.obj	35741	11940	134840096
isa_BP3D_4.0_obj_99/FJ3401.obj	23071	7901	134852096
isa_BP3D_4.0_obj_99/FJ3406.obj	9077	3333	134860057
isa_BP3D_4.0_obj_99/FJ3409.obj	30249	10029	134863450
isa_BP3D_4.0_obj_99/FJ3410.obj	69320	22063	134873539
isa_BP3D_4.0_obj_99/FJ3411.obj	41743	14319	134895662
isa_BP3D_4.0_obj_99/FJ3413.obj	24686	8640	134910041
isa_BP3D_4.0_obj_99/FJ3414.obj	25704	8779	134918741
isa_BP3D_4.0_obj_99/FJ3415.obj	29049	9854	134927580
isa_BP3D_4.0_obj_99/FJ3416.obj	1185809	342397	134937494
isa_BP3D_4.0_obj_99/FJ3417.obj	16719	5981	135279951
isa_BP3D_4.0_obj_99/FJ3418.obj	80728	26018	135285992
isa_BP3D_4.0_obj_99/FJ3419.obj	56969	17801	135312070
isa_BP3D_4.0_obj_99/FJ3420.obj	48036	14147	135329931
isa_BP3D_4.0_obj_99/FJ3421.obj	14327	5202	135344138
isa_BP3D_4.0_obj_99/FJ3426.obj	309166	91606	135349400
isa_BP3D_4.0_obj_99/FJ3427.obj	289230	87623	135441066
isa_BP3D_4.0_obj_99/FJ3428.obj	31109	10618	135528749
isa_BP3D_4.0_obj_99/FJ3429.obj	32323	10831	135539427
isa_BP3D_4.0_obj_99/FJ3430.obj	79274	25508	135550318
isa_BP3D_4.0_obj_99/FJ3431.obj	94101	30492	135575886
isa_BP3D_4.0_obj_99/FJ3432.obj	12687	4514	135606438
isa_BP3D_4.0_obj_99/FJ3433.obj	15904	5445	135611012
isa_BP3D_4.0_obj_99/FJ3434.obj	265803	79175	135616517
isa_BP3D_4.0_obj_99/FJ3437.obj	13000	4617	135695752
isa_BP3D_4.0_obj_99/FJ3438.obj	14160	5066	135700429
isa_BP3D_4.0_obj_99/FJ3439.obj	14743	5335	135705555
isa_BP3D_4.0_obj_99/FJ3440.obj	16695	5820	135710950
isa_BP3D_4.0_obj_99/FJ3441.obj	89003	28142	135716830
isa_BP3D_4.0_obj_99/FJ3442.obj	33140	11371	135745032
isa_BP3D_4.0_obj_99/FJ3443.obj	66163	21888	135756463
isa_BP3D_4.0_obj_99/FJ3444.obj	56306	18041	135778411
isa_BP3D_4.0_obj_99/FJ3446.obj	16403	5716	135796512
isa_BP3D_4.0_obj_99/FJ3447.obj	68513	22767	135802288
isa_BP3D_4.0_obj_99/FJ3448.obj	60905	19976	135825115
isa_BP3D_4.0_obj_99/FJ3449.obj	41600	13510	135845151
isa_BP3D_4.0_obj_99/FJ3450.obj	26530	8745	135858721
isa_BP3D_4.0_obj_99/FJ3451.obj	52956	16959	135867526
isa_BP3D_4.0_obj_99/FJ3452.obj	58657	18969	135884545
isa_BP3D_4.0_obj_99/FJ3458.obj	86337	27527	135903574
isa_BP3D_4.0_obj_99/FJ3459.obj	33595	11276	135931161
isa_BP3D_4.0_obj_99/FJ3460.obj	40257	13344	135942497
isa_BP3D_4.0_obj_99/FJ3461.obj	316536	97838	135955901
isa_BP3D_4.0_obj_99/FJ3462.obj	88813	28441	136053799
isa_BP3D_4.0_obj_99/FJ3463.obj	178510	54814	136082300
isa_BP3D_4.0_obj_99/FJ3464.obj	14276	5345	136137174
isa_BP3D_4.0_obj_99/FJ3465.obj	26603	9267	136142579
isa_BP3D_4.0_obj_99/FJ3466.obj	27002	9714	136151906
isa_BP3D_4.0_obj_99/FJ3467.obj	75236	24045	136161680
isa_BP3D_4.0_obj_99/FJ3468.obj	18889	6811	136185785
isa_BP3D_4.0_obj_99/FJ3469.obj	13554	5088	136192656
isa_BP3D_4.0_obj_99/FJ3470.obj	11931	4460	136197804
isa_BP3D_4.0_obj_99/FJ3471.obj	13414	4967	136202324
isa_BP3D_4.0_obj_99/FJ3472.obj	47470	15418	136207351
isa_BP3D_4.0_obj_99/FJ3473.obj	26573	8717	136222829
isa_BP3D_4.0_obj_99/FJ3474.obj	17196	5938	136231606
isa_BP3D_4.0_obj_99/FJ3475.obj	25591	8722	136237604
isa_BP3D_4.0_obj_99/FJ3476.obj	14814	5404	136246386
isa_BP3D_4.0_obj_99/FJ3477.obj	38504	12936	136251850
isa_BP3D_4.0_obj_99/FJ3478.obj	356390	111859	136264846
isa_BP3D_4.0_obj_99/FJ3479.obj	39960	13587	136376765
isa_BP3D_4.0_obj_99/FJ3480.obj	47492	15586	136390412
isa_BP3D_4.0_obj_99/FJ3481.obj	89028	28335	136406058
isa_BP3D_4.0_obj_99/FJ3482.obj	43991	14759	136434453
isa_BP3D_4.0_obj_99/FJ3483.obj	12124	4424	136449272
isa_BP3D_4.0_obj_99/FJ3484.obj	41524	14448	136453756
isa_BP3D_4.0_obj_99/FJ3485.obj	17029	5998	136468264
isa_BP3D_4.0_obj_99/FJ3486.obj	28122	9466	136474322
isa_BP3D_4.0_obj_99/FJ3493.obj	105625	33397	136483848
isa_BP3D_4.0_obj_99/FJ3494.obj	12439	4448	136517305
isa_BP3D_4.0_obj_99/FJ3495.obj	6905	2644	136521813
isa_BP3D_4.0_obj_99/FJ3496.obj	337645	101114	136524517
isa_BP3D_4.0_obj_99/FJ3497.obj	87241	28391	136625691
isa_BP3D_4.0_obj_99/FJ3499.obj	66044	21626	136654142
isa_BP3D_4.0_obj_99/FJ3500.obj	73634	24236	136675828
isa_BP3D_4.0_obj_99/FJ3501.obj	146247	44677	136700124
isa_BP3D_4.0_obj_99/FJ3502.obj	31382	10535	136744861
isa_BP3D_4.0_obj_99/FJ3510.obj	686223	196637	136755456
isa_BP3D_4.0_obj_99/FJ3511.obj	431585	121692	136952153
isa_BP3D_4.0_obj_99/FJ3512.obj	473740	132587	137073905
isa_BP3D_4.0_obj_99/FJ3513.obj	723369	208436	137206552
isa_BP3D_4.0_obj_99/FJ3514.obj	55882	18528	137415048
isa_BP3D_4.0_obj_99/FJ3515.obj	57253	18887	137433636
isa_BP3D_4.0_obj_99/FJ3516.obj	26854	9021	137452583
isa_BP3D_4.0_obj_99/FJ3517.obj	30534	10089	137461664
isa_BP3D_4.0_obj_99/FJ3518.obj	44313	14560	137471813
isa_BP3D_4.0_obj_99/FJ3519.obj	21038	7062	137486433
isa_BP3D_4.0_obj_99/FJ3520.obj	16148	5396	137493555
isa_BP3D_4.0_obj_99/FJ3522.obj	10423	4024	137499011
isa_BP3D_4.0_obj_99/FJ3523.obj	10889	4133	137503095
isa_BP3D_4.0_obj_99/FJ3524.obj	8418	3215	137507288
isa_BP3D_4.0_obj_99/FJ3525.obj	478084	141268	137510563
isa_BP3D_4.0_obj_99/FJ3526.obj	191995	60096	137651891
isa_BP3D_4.0_obj_99/FJ3527.obj	309991	92333	137712047
isa_BP3D_4.0_obj_99/FJ3529.obj	162844	50662	137804440
isa_BP3D_4.0_obj_99/FJ3530.obj	186511	57787	137855162
isa_BP3D_4.0_obj_99/FJ3531.obj	24561	8583	137913009
isa_BP3D_4.0_obj_99/FJ3532.obj	796775	226141	137921652
isa_BP3D_4.0_obj_99/FJ3533.obj	932604	263642	138147853
isa_BP3D_4.0_obj_99/FJ3534.obj	143353	44848	138411555
isa_BP3D_4.0_obj_99/FJ3541.obj	296844	89516	138456463
isa_BP3D_4.0_obj_99/FJ3542.obj	97422	31194	138546039
isa_BP3D_4.0_obj_99/FJ3543.obj	91588	29390	138577293
isa_BP3D_4.0_obj_99/FJ3544.obj	219981	66533	138606743
isa_BP3D_4.0_obj_99/FJ3545.obj	51394	16609	138673336
isa_BP3D_4.0_obj_99/FJ3546.obj	25663	8607	138690005
isa_BP3D_4.0_obj_99/FJ3553.obj	10048	3215	138698672
isa_BP3D_4.0_obj_99/FJ3557.obj	27954	9325	138701947
isa_BP3D_4.0_obj_99/FJ3558.obj	65080	21150	138711332
isa_BP3D_4.0_obj_99/FJ3559.obj	42988	14143	138732542
isa_BP3D_4.0_obj_99/FJ3560.obj	39869	13326	138746745
isa_BP3D_4.0_obj_99/FJ3561.obj	39478	13041	138760131
isa_BP3D_4.0_obj_99/FJ3562.obj	81240	26437	138773232
isa_BP3D_4.0_obj_99/FJ3563.obj	335614	102817	138799729
isa_BP3D_4.0_obj_99/FJ3564.obj	52438	17167	138902606
isa_BP3D_4.0_obj_99/FJ3565.obj	12912	4870	138919833
isa_BP3D_4.0_obj_99/FJ3566.obj	22018	7739	138924763
isa_BP3D_4.0_obj_99/FJ3567.obj	24033	8562	138932562
isa_BP3D_4.0_obj_99/FJ3568.obj	44540	15363	138941184
isa_BP3D_4.0_obj_99/FJ3569.obj	19769	6984	138956607
isa_BP3D_4.0_obj_99/FJ3570.obj	15388	5534	138963651
isa_BP3D_4.0_obj_99/FJ3571.obj	13552	4981	138969245
isa_BP3D_4.0_obj_99/FJ3572.obj	14218	5224	138974286
isa_BP3D_4.0_obj_99/FJ3573.obj	32031	10644	138979570
isa_BP3D_4.0_obj_99/FJ3574.obj	27394	9205	138990274
isa_BP3D_4.0_obj_99/FJ3575.obj	113706	35701	138999539
isa_BP3D_4.0_obj_99/FJ3576.obj	16437	5926	139035300
isa_BP3D_4.0_obj_99/FJ3577.obj	19476	6830	139041286
isa_BP3D_4.0_obj_99/FJ3578.obj	388327	122016	139048176
isa_BP3D_4.0_obj_99/FJ3579.obj	27662	9447	139170252
isa_BP3D_4.0_obj_99/FJ3580.obj	46113	14740	139179759
isa_BP3D_4.0_obj_99/FJ3581.obj	30181	9991	139194559
isa_BP3D_4.0_obj_99/FJ3582.obj	39276	12930	139204610
isa_BP3D_4.0_obj_99/FJ3583.obj	32020	10786	139217600
isa_BP3D_4.0_obj_99/FJ3584.obj	58362	18656	139228446
isa_BP3D_4.0_obj_99/FJ3585.obj	15258	5268	139247162
isa_BP3D_4.0_obj_99/FJ3586.obj	56505	17790	139252490
isa_BP3D_4.0_obj_99/FJ3587.obj	22980	7827	139270340
isa_BP3D_4.0_obj_99/FJ3589.obj	501144	143567	139278227
isa_BP3D_4.0_obj_99/FJ3590.obj	72481	23425	139421854
isa_BP3D_4.0_obj_99/FJ3591.obj	81370	26328	139445339
isa_BP3D_4.0_obj_99/FJ3592.obj	339898	101212	139471727
isa_BP3D_4.0_obj_99/FJ3593.obj	92611	29630	139572999
isa_BP3D_4.0_obj_99/FJ3594.obj	29389	9993	139602689
isa_BP3D_4.0_obj_99/FJ3595.obj	28695	9766	139612742
isa_BP3D_4.0_obj_99/FJ3596.obj	231674	68429	139622568
isa_BP3D_4.0_obj_99/FJ3597.obj	45490	14935	139691057
isa_BP3D_4.0_obj_99/FJ3603.obj	690094	196484	139706052
isa_BP3D_4.0_obj_99/FJ3604.obj	439165	122561	139902596
isa_BP3D_4.0_obj_99/FJ3605.obj	498823	136647	140025217
isa_BP3D_4.0_obj_99/FJ3606.obj	741531	213174	140161924
isa_BP3D_4.0_obj_99/FJ3607.obj	7497	2887	140375158
isa_BP3D_4.0_obj_99/FJ3608.obj	12082	4478	140378105
isa_BP3D_4.0_obj_99/FJ3609.obj	6519	2493	140382643
isa_BP3D_4.0_obj_99/FJ3610.obj	474466	139350	140385196
isa_BP3D_4.0_obj_99/FJ3611.obj	196472	60801	140524606
isa_BP3D_4.0_obj_99/FJ3612.obj	306691	91270	140585467
isa_BP3D_4.0_obj_99/FJ3614.obj	185109	57001	140676797
isa_BP3D_4.0_obj_99/FJ3615.obj	198373	60981	140733858
isa_BP3D_4.0_obj_99/FJ3616.obj	24003	8428	140794899
isa_BP3D_4.0_obj_99/FJ3617.obj	836774	237461	140803387
isa_BP3D_4.0_obj_99/FJ3618.obj	887145	250816	141040908
isa_BP3D_4.0_obj_99/FJ3619.obj	59838	19666	141291784
isa_BP3D_4.0_obj_99/FJ3620.obj	55643	17837	141311510
isa_BP3D_4.0_obj_99/FJ3621.obj	33252	11053	141329407
isa_BP3D_4.0_obj_99/FJ3622.obj	29853	9625	141340520
isa_BP3D_4.0_obj_99/FJ3623.obj	19336	6562	141350205
isa_BP3D_4.0_obj_99/FJ3624.obj	42206	13354	141356827
isa_BP3D_4.0_obj_99/FJ3625.obj	29572	9755	141370241
isa_BP3D_4.0_obj_99/FJ3626.obj	25719	8419	141380056
isa_BP3D_4.0_obj_99/FJ3631.obj	571587	167483	141388535
isa_BP3D_4.0_obj_99/FJ3632.obj	781772	225829	141556078
isa_BP3D_4.0_obj_99/FJ3635.obj	581501	169375	141781967
isa_BP3D_4.0_obj_99/FJ3636.obj	811332	233930	141951402
isa_BP3D_4.0_obj_99/FJ3637.obj	170997	53126	142185392
isa_BP3D_4.0_obj_99/FJ3638.obj	121162	38636	142238578
isa_BP3D_4.0_obj_99/FJ3639.obj	108690	34328	142277274
isa_BP3D_4.0_obj_99/FJ3640.obj	126639	39683	142311662
isa_BP3D_4.0_obj_99/FJ3641.obj	87375	28224	142351405
isa_BP3D_4.0_obj_99/FJ3644.obj	90698	29772	142379689
isa_BP3D_4.0_obj_99/FJ3645.obj	36208	12061	142409521
isa_BP3D_4.0_obj_99/FJ3646.obj	26685	8912	142421642
isa_BP3D_4.0_obj_99/FJ3647.obj	49595	16643	142430614
isa_BP3D_4.0_obj_99/FJ3648.obj	54469	17157	142447317
isa_BP3D_4.0_obj_99/FJ3649.obj	26298	8352	142464534
isa_BP3D_4.0_obj_99/FJ3650.obj	35014	11407	142472946
isa_BP3D_4.0_obj_99/FJ3651.obj	26715	8824	142484413
isa_BP3D_4.0_obj_99/FJ3652.obj	50564	16035	142493297
isa_BP3D_4.0_obj_99/FJ3653.obj	127486	38697	142509392
isa_BP3D_4.0_obj_99/FJ3654.obj	37277	11680	142548149
isa_BP3D_4.0_obj_99/FJ3655.obj	29569	9947	142559889
isa_BP3D_4.0_obj_99/FJ3656.obj	27117	9534	142569896
isa_BP3D_4.0_obj_99/FJ3657.obj	30637	10722	142579490
isa_BP3D_4.0_obj_99/FJ3658.obj	375953	109405	142590272
isa_BP3D_4.0_obj_99/FJ3659.obj	107453	34054	142699737
